Date,exchTo1USD
Sep-19-2019,103.65
Sep-18-2019,103.85
Sep-17-2019,103.8
Sep-16-2019,103.75
Sep-13-2019,103.7
Sep-12-2019,103.8
Sep-11-2019,103.75
Sep-10-2019,103.55
Sep-09-2019,103.75
Sep-06-2019,103.85
Sep-05-2019,103.8
Sep-04-2019,103.7
Sep-03-2019,103.8
Aug-30-2019,103.55
Aug-29-2019,103.45
Aug-28-2019,103.2
Aug-27-2019,103.35
Aug-26-2019,103.2
Aug-23-2019,103.2
Aug-22-2019,103.02
Aug-21-2019,102.85
Aug-20-2019,102.8
Aug-19-2019,103.15
Aug-16-2019,103.2
Aug-15-2019,103.2
Aug-14-2019,103.1
Aug-13-2019,103.2
Aug-12-2019,103.1
Aug-09-2019,103.1
Aug-08-2019,103.25
Aug-07-2019,103.35
Aug-06-2019,103.15
Aug-05-2019,103.1
Aug-02-2019,102.9
Aug-01-2019,103.2
Jul-31-2019,104.25
Jul-30-2019,104.1
Jul-29-2019,103.9
Jul-26-2019,103.75
Jul-25-2019,103.6
Jul-24-2019,103.9
Jul-23-2019,103.7
Jul-22-2019,103.5
Jul-19-2019,103.05
Jul-18-2019,103
Jul-17-2019,102.93
Jul-16-2019,103.05
Jul-15-2019,103
Jul-12-2019,102.9
Jul-11-2019,102.9
Jul-10-2019,102.7
Jul-09-2019,102.7
Jul-08-2019,102.55
Jul-05-2019,102.45
Jul-03-2019,102.25
Jul-02-2019,102.8
Jul-01-2019,102.5
Jun-28-2019,102.24
Jun-27-2019,102.1
Jun-26-2019,102.05
Jun-25-2019,102.05
Jun-24-2019,101.8
Jun-21-2019,101.8
Jun-20-2019,101.8
Jun-19-2019,101.9
Jun-18-2019,101.95
Jun-17-2019,101.85
Jun-14-2019,101.65
Jun-13-2019,101.4
Jun-12-2019,101.37
Jun-11-2019,101.4
Jun-10-2019,101.2
Jun-07-2019,101.1
Jun-06-2019,101.25
Jun-05-2019,101.05
Jun-04-2019,101.3
Jun-03-2019,101.27
May-31-2019,101.15
May-30-2019,101.3
May-29-2019,101.37
May-28-2019,101.15
May-24-2019,101.1
May-23-2019,101.2
May-22-2019,101.15
May-21-2019,101.05
May-20-2019,101
May-17-2019,101
May-16-2019,101.05
May-15-2019,101
May-14-2019,101
May-13-2019,101
May-10-2019,101
May-09-2019,101
May-08-2019,101
May-07-2019,100.95
May-06-2019,100.8
May-03-2019,100.95
May-02-2019,101.03
May-01-2019,101.1
Apr-30-2019,101.1
Apr-29-2019,101.25
Apr-26-2019,101.4
Apr-25-2019,101.45
Apr-24-2019,101.5
Apr-23-2019,101.45
Apr-22-2019,101.15
Apr-19-2019,101.15
Apr-18-2019,101.15
Apr-17-2019,101.15
Apr-16-2019,101
Apr-15-2019,100.9
Apr-12-2019,100.92
Apr-11-2019,100.85
Apr-10-2019,100.9
Apr-09-2019,100.8
Apr-08-2019,100.55
Apr-05-2019,100.6
Apr-04-2019,100.55
Apr-03-2019,100.65
Apr-02-2019,100.8
Apr-01-2019,100.7
Mar-29-2019,100.65
Mar-28-2019,100.6
Mar-27-2019,100.75
Mar-26-2019,100.85
Mar-25-2019,100.85
Mar-22-2019,100.5
Mar-21-2019,100.75
Mar-20-2019,100.9
Mar-19-2019,100.75
Mar-18-2019,100.55
Mar-15-2019,100.15
Mar-14-2019,100.07
Mar-13-2019,100.15
Mar-12-2019,100.05
Mar-11-2019,99.45
Mar-08-2019,99.55
Mar-07-2019,99.65
Mar-06-2019,99.9
Mar-05-2019,99.97
Mar-04-2019,99.96
Mar-01-2019,99.9
Feb-28-2019,99.95
Feb-27-2019,99.95
Feb-26-2019,100.02
Feb-25-2019,100
Feb-22-2019,100.05
Feb-21-2019,100.1
Feb-20-2019,100.13
Feb-19-2019,100.22
Feb-15-2019,100.05
Feb-14-2019,100.2
Feb-13-2019,100.15
Feb-12-2019,100.2
Feb-11-2019,100.45
Feb-08-2019,100.25
Feb-07-2019,100
Feb-06-2019,100
Feb-05-2019,100
Feb-04-2019,100
Feb-01-2019,100.3
Jan-31-2019,100.55
Jan-30-2019,100.9
Jan-29-2019,100.69
Jan-28-2019,100.6
Jan-25-2019,100.65
Jan-24-2019,100.9
Jan-23-2019,101.25
Jan-22-2019,101.5
Jan-18-2019,101.67
Jan-17-2019,101.7
Jan-16-2019,101.65
Jan-15-2019,101.6
Jan-14-2019,101.65
Jan-11-2019,101.65
Jan-10-2019,101.68
Jan-09-2019,101.8
Jan-08-2019,101.85
Jan-07-2019,101.8
Jan-04-2019,101.95
Jan-03-2019,102.15
Jan-02-2019,102.05
Dec-31-2018,101.8
Dec-28-2018,101.7
Dec-27-2018,101.75
Dec-26-2018,101.7
Dec-21-2018,101.8
Dec-20-2018,101.4
Dec-19-2018,101.75
Dec-18-2018,102.3
Dec-17-2018,102.35
Dec-14-2018,102.4
Dec-13-2018,102.5
Dec-12-2018,102.35
Dec-11-2018,102.63
Dec-10-2018,102.4
Dec-07-2018,102.3
Dec-06-2018,102.5
Dec-04-2018,102.55
Dec-03-2018,102.6
Nov-30-2018,102.4
Nov-29-2018,102.4
Nov-28-2018,102.5
Nov-27-2018,102.6
Nov-26-2018,102.35
Nov-23-2018,102.4
Nov-21-2018,102.3
Nov-20-2018,102.8
Nov-19-2018,102.7
Nov-16-2018,103
Nov-15-2018,103.15
Nov-14-2018,102.85
Nov-13-2018,102.75
Nov-09-2018,102.05
Nov-08-2018,101.8
Nov-07-2018,101.75
Nov-06-2018,101.75
Nov-05-2018,101.5
Nov-02-2018,101.3
Nov-01-2018,101.6
Oct-31-2018,101.9
Oct-30-2018,101.75
Oct-29-2018,101.7
Oct-26-2018,101.25
Oct-25-2018,101.15
Oct-24-2018,101.1
Oct-23-2018,101.11
Oct-22-2018,101.05
Oct-19-2018,100.95
Oct-18-2018,100.7
Oct-17-2018,100.9
Oct-16-2018,100.7
Oct-15-2018,100.85
Oct-12-2018,100.85
Oct-11-2018,100.75
Oct-10-2018,100.95
Oct-09-2018,100.75
Oct-05-2018,100.75
Oct-04-2018,100.6
Oct-03-2018,100.9
Oct-02-2018,100.9
Oct-01-2018,100.85
Sep-28-2018,100.8
Sep-27-2018,100.8
Sep-26-2018,100.8
Sep-25-2018,100.95
Sep-24-2018,100.85
Sep-21-2018,100.75
Sep-20-2018,100.7
Sep-19-2018,100.65
Sep-18-2018,100.7
Sep-17-2018,100.75
Sep-12-2018,100.8
Sep-10-2018,100.6
Sep-07-2018,100.6
Sep-06-2018,100.65
Sep-05-2018,100.64
Sep-04-2018,100.65
Aug-31-2018,100.5
Aug-30-2018,100.55
Aug-29-2018,100.62
Aug-28-2018,100.6
Aug-27-2018,100.8
Aug-24-2018,100.7
Aug-23-2018,100.5
Aug-22-2018,100.61
Aug-21-2018,100.9
Aug-20-2018,100.75
Aug-17-2018,100.75
Aug-16-2018,100.65
Aug-15-2018,100.7
Aug-14-2018,100.65
Aug-13-2018,100.7
Aug-10-2018,100.45
Aug-09-2018,100.25
Aug-08-2018,100.35
Aug-07-2018,100.25
Aug-06-2018,100.4
Aug-03-2018,100.3
Aug-02-2018,100.25
Aug-01-2018,100.35
Jul-31-2018,100.4
Jul-30-2018,100.4
Jul-27-2018,100.35
Jul-26-2018,100.4
Jul-25-2018,100.4
Jul-24-2018,100.4
Jul-23-2018,100.4
Jul-20-2018,100.65
Jul-19-2018,100.6
Jul-18-2018,100.5
Jul-17-2018,100.55
Jul-16-2018,100.25
Jul-13-2018,100.55
Jul-12-2018,100.8
Jul-11-2018,100.8
Jul-10-2018,100.8
Jul-09-2018,100.75
Jul-06-2018,100.75
Jul-05-2018,100.65
Jul-03-2018,100.75
Jul-02-2018,100.75
Jun-29-2018,100.8
Jun-28-2018,101
Jun-27-2018,101
Jun-26-2018,100.8
Jun-25-2018,100.7
Jun-22-2018,100.63
Jun-21-2018,100.75
Jun-20-2018,100.75
Jun-19-2018,101
Jun-18-2018,101.05
Jun-15-2018,101.1
Jun-14-2018,100.95
Jun-13-2018,101.1
Jun-12-2018,101.05
Jun-11-2018,101
Jun-08-2018,100.85
Jun-07-2018,100.7
Jun-06-2018,100.85
Jun-05-2018,100.8
Jun-04-2018,100.95
Jun-01-2018,101.45
May-31-2018,101.35
May-30-2018,101.4
May-29-2018,101.4
May-25-2018,101.1
May-24-2018,101
May-23-2018,100.9
May-22-2018,100.7
May-21-2018,100.55
May-18-2018,100.4
May-17-2018,100.3
May-16-2018,100.3
May-15-2018,100.25
May-14-2018,100.05
May-11-2018,100.45
May-10-2018,100.45
May-09-2018,100.6
May-08-2018,100.35
May-07-2018,100.2
May-04-2018,100.15
May-03-2018,100.03
May-02-2018,100.1
May-01-2018,100.5
Apr-30-2018,100.25
Apr-27-2018,100.3
Apr-26-2018,100.3
Apr-25-2018,100.05
Apr-24-2018,99.9
Apr-23-2018,99.85
Apr-20-2018,99.95
Apr-19-2018,100.15
Apr-18-2018,100.35
Apr-17-2018,100.35
Apr-16-2018,100.55
Apr-13-2018,100.7
Apr-12-2018,100.8
Apr-11-2018,100.9
Apr-10-2018,101
Apr-09-2018,100.85
Apr-06-2018,100.85
Apr-05-2018,100.9
Apr-04-2018,100.95
Apr-03-2018,101
Apr-02-2018,100.65
Mar-30-2018,100.65
Mar-29-2018,100.8
Mar-28-2018,100.7
Mar-27-2018,100.7
Mar-26-2018,100.8
Mar-23-2018,100.85
Mar-22-2018,100.8
Mar-21-2018,101.05
Mar-20-2018,101.1
Mar-19-2018,101.15
Mar-16-2018,101.1
Mar-15-2018,101.2
Mar-14-2018,101.2
Mar-13-2018,101.2
Mar-12-2018,101.1
Mar-09-2018,101
Mar-08-2018,101
Mar-07-2018,101.25
Mar-06-2018,101.15
Mar-05-2018,101.2
Mar-02-2018,101.2
Mar-01-2018,101.15
Feb-28-2018,101.3
Feb-27-2018,101.5
Feb-26-2018,101.65
Feb-23-2018,101.7
Feb-22-2018,101.7
Feb-21-2018,101.45
Feb-20-2018,101.2
Feb-16-2018,101.2
Feb-15-2018,101.2
Feb-14-2018,101.15
Feb-13-2018,101.1
Feb-12-2018,100.9
Feb-09-2018,100.7
Feb-08-2018,100.65
Feb-07-2018,100.85
Feb-06-2018,101.2
Feb-05-2018,101.25
Feb-02-2018,101.6
Feb-01-2018,101.8
Jan-31-2018,102
Jan-30-2018,102.25
Jan-29-2018,102.3
Jan-26-2018,102.25
Jan-25-2018,102.3
Jan-24-2018,102.2
Jan-23-2018,102.45
Jan-22-2018,102.7
Jan-19-2018,102.75
Jan-18-2018,102.8
Jan-17-2018,102.8
Jan-16-2018,102.9
Jan-12-2018,102.95
Jan-11-2018,103
Jan-10-2018,103
Jan-09-2018,103.1
Jan-08-2018,103.1
Jan-02-2018,103.3
Dec-29-2017,103.2
Dec-28-2017,103.17
Dec-27-2017,103.1
Dec-26-2017,102.9
Dec-22-2017,102.95
Dec-21-2017,102.95
Dec-20-2017,102.95
Dec-19-2017,103.05
Dec-18-2017,103.03
Dec-15-2017,103.1
Dec-14-2017,103.1
Dec-13-2017,103.15
Dec-12-2017,103
Dec-11-2017,103
Dec-08-2017,103.05
Dec-07-2017,102.9
Dec-06-2017,102.75
Dec-05-2017,102.9
Dec-04-2017,102.95
Dec-01-2017,102.95
Nov-30-2017,103
Nov-29-2017,103.15
Nov-28-2017,103.25
Nov-27-2017,103.25
Nov-24-2017,103.25
Nov-22-2017,103.3
Nov-21-2017,103.25
Nov-20-2017,103.45
Nov-17-2017,103.7
Nov-16-2017,103.6
Nov-15-2017,103.65
Nov-14-2017,103.65
Nov-13-2017,103.55
Nov-09-2017,103.5
Nov-08-2017,103.5
Nov-07-2017,103.55
Nov-06-2017,103.5
Nov-03-2017,103.55
Nov-02-2017,103.65
Nov-01-2017,103.7
Oct-31-2017,103.7
Oct-30-2017,103.7
Oct-27-2017,103.6
Oct-26-2017,103.8
Oct-25-2017,103.8
Oct-24-2017,103.77
Oct-23-2017,103.63
Oct-20-2017,103.2
Oct-19-2017,103.45
Oct-18-2017,103.3
Oct-17-2017,103.2
Oct-16-2017,103.23
Oct-13-2017,103.1
Oct-12-2017,103.15
Oct-11-2017,103.23
Oct-10-2017,103.15
Oct-06-2017,103.15
Oct-05-2017,103.05
Oct-04-2017,103.25
Oct-03-2017,103.2
Oct-02-2017,103.1
Sep-29-2017,103.15
Sep-28-2017,103.15
Sep-27-2017,103.25
Sep-26-2017,103.25
Sep-25-2017,103
Sep-22-2017,103.15
Sep-21-2017,103.15
Sep-20-2017,103.2
Sep-19-2017,103.18
Sep-18-2017,103.05
Sep-15-2017,102.8
Sep-14-2017,102.75
Sep-13-2017,102.8
Sep-08-2017,102.85
Sep-07-2017,103.15
Sep-06-2017,103.17
Sep-05-2017,103.15
Sep-01-2017,103
Aug-31-2017,102.9
Aug-30-2017,103.1
Aug-29-2017,103.13
Aug-28-2017,103.05
Aug-25-2017,103.05
Aug-24-2017,103.15
Aug-23-2017,103.15
Aug-22-2017,103.1
Aug-21-2017,103
Aug-18-2017,103.15
Aug-17-2017,103.3
Aug-16-2017,103.6
Aug-15-2017,103.62
Aug-14-2017,103.7
Aug-11-2017,103.75
Aug-10-2017,103.8
Aug-09-2017,103.8
Aug-08-2017,103.75
Aug-07-2017,103.87
Aug-04-2017,103.7
Aug-03-2017,103.85
Aug-02-2017,103.75
Aug-01-2017,103.85
Jul-31-2017,103.85
Jul-28-2017,103.85
Jul-27-2017,103.8
Jul-26-2017,103.8
Jul-25-2017,103.83
Jul-24-2017,103.75
Jul-21-2017,103.8
Jul-20-2017,103.71
Jul-19-2017,103.9
Jul-18-2017,103.8
Jul-17-2017,103.85
Jul-14-2017,103.75
Jul-13-2017,103.8
Jul-12-2017,103.75
Jul-11-2017,103.95
Jul-10-2017,103.9
Jul-07-2017,103.65
Jul-06-2017,103.7
Jul-05-2017,103.65
Jul-03-2017,103.7
Jun-30-2017,103.55
Jun-29-2017,103.6
Jun-28-2017,103.65
Jun-27-2017,103.6
Jun-26-2017,103.55
Jun-23-2017,103.5
Jun-22-2017,103.52
Jun-21-2017,103.5
Jun-20-2017,103.55
Jun-19-2017,103.55
Jun-16-2017,103.55
Jun-15-2017,103.45
Jun-14-2017,103.3
Jun-13-2017,103.3
Jun-12-2017,103.3
Jun-09-2017,103.3
Jun-08-2017,103.35
Jun-07-2017,103.25
Jun-06-2017,103.25
Jun-05-2017,103.25
Jun-02-2017,103.27
Jun-01-2017,103.3
May-31-2017,103.25
May-30-2017,103.3
May-26-2017,103.3
May-25-2017,103.25
May-24-2017,103.2
May-23-2017,103.22
May-22-2017,103.1
May-19-2017,103.35
May-18-2017,103.2
May-17-2017,103.2
May-16-2017,103.3
May-15-2017,103.15
May-12-2017,103.2
May-11-2017,103.3
May-10-2017,103.25
May-09-2017,103.15
May-08-2017,103.15
May-05-2017,103
May-04-2017,103.1
May-03-2017,103
May-02-2017,102.97
May-01-2017,103.2
Apr-28-2017,103
Apr-27-2017,103.1
Apr-26-2017,103.14
Apr-25-2017,103.2
Apr-24-2017,103.2
Apr-21-2017,103.2
Apr-20-2017,103.3
Apr-19-2017,103.3
Apr-18-2017,103.35
Apr-17-2017,103.3
Apr-14-2017,103.3
Apr-13-2017,103.3
Apr-12-2017,103.3
Apr-11-2017,103.31
Apr-10-2017,103.35
Apr-07-2017,103.25
Apr-06-2017,103.2
Apr-05-2017,103.15
Apr-04-2017,103.1
Apr-03-2017,103.1
Mar-31-2017,102.95
Mar-30-2017,102.9
Mar-29-2017,102.95
Mar-28-2017,102.75
Mar-27-2017,102.8
Mar-24-2017,102.8
Mar-23-2017,102.75
Mar-22-2017,102.9
Mar-21-2017,103.01
Mar-20-2017,103
Mar-17-2017,103.05
Mar-16-2017,102.95
Mar-15-2017,102.8
Mar-14-2017,102.6
Mar-13-2017,102.55
Mar-10-2017,102.51
Mar-09-2017,102.5
Mar-08-2017,102.42
Mar-07-2017,102.5
Mar-06-2017,102.55
Mar-03-2017,102.55
Mar-02-2017,102.8
Mar-01-2017,102.69
Feb-28-2017,102.8
Feb-27-2017,103.25
Feb-24-2017,103.3
Feb-23-2017,103.45
Feb-22-2017,103.45
Feb-21-2017,103.5
Feb-17-2017,103.45
Feb-16-2017,103.55
Feb-15-2017,103.55
Feb-14-2017,103.55
Feb-13-2017,103.6
Feb-10-2017,103.45
Feb-09-2017,103.4
Feb-08-2017,103.6
Feb-07-2017,103.54
Feb-06-2017,103.7
Feb-03-2017,103.65
Feb-02-2017,103.65
Feb-01-2017,103.7
Jan-31-2017,103.75
Jan-30-2017,103.9
Jan-27-2017,103.85
Jan-26-2017,103.95
Jan-25-2017,103.85
Jan-24-2017,103.95
Jan-23-2017,103.85
Jan-20-2017,103.8
Jan-19-2017,103.7
Jan-18-2017,103.85
Jan-17-2017,103.85
Jan-13-2017,103.85
Jan-12-2017,103.85
Jan-11-2017,103.7
Jan-10-2017,103.7
Jan-09-2017,103.75
Jan-06-2017,103.6
Jan-05-2017,103.65
Jan-04-2017,103.35
Jan-03-2017,102.75
Dec-30-2016,102.45
Dec-29-2016,102.4
Dec-28-2016,102.3
Dec-27-2016,102.3
Dec-23-2016,102.2
Dec-22-2016,102.3
Dec-21-2016,102.25
Dec-20-2016,102.25
Dec-19-2016,102.2
Dec-16-2016,102.05
Dec-15-2016,102.15
Dec-14-2016,102.1
Dec-13-2016,102.05
Dec-12-2016,101.9
Dec-09-2016,101.9
Dec-08-2016,101.95
Dec-07-2016,101.92
Dec-06-2016,101.85
Dec-05-2016,101.85
Dec-02-2016,101.8
Dec-01-2016,101.75
Nov-30-2016,101.75
Nov-29-2016,101.74
Nov-28-2016,101.8
Nov-25-2016,101.85
Nov-23-2016,101.78
Nov-22-2016,101.9
Nov-21-2016,101.8
Nov-18-2016,101.83
Nov-17-2016,101.75
Nov-16-2016,101.75
Nov-15-2016,101.65
Nov-14-2016,101.65
Nov-10-2016,101.68
Nov-09-2016,101.65
Nov-08-2016,101.7
Nov-07-2016,101.55
Nov-04-2016,101.7
Nov-03-2016,101.45
Nov-02-2016,101.5
Nov-01-2016,101.45
Oct-31-2016,101.35
Oct-28-2016,101.38
Oct-27-2016,101.35
Oct-26-2016,101.3
Oct-25-2016,101.35
Oct-24-2016,101.3
Oct-21-2016,101.3
Oct-20-2016,101.3
Oct-19-2016,101.3
Oct-18-2016,101.22
Oct-17-2016,101.3
Oct-14-2016,101.3
Oct-13-2016,101.25
Oct-12-2016,101.2
Oct-11-2016,101.2
Oct-04-2016,101.12
Oct-03-2016,101.15
Sep-30-2016,101.1
Sep-29-2016,101.2
Sep-28-2016,101.3
Sep-27-2016,101.2
Sep-26-2016,101.15
Sep-23-2016,101.05
Sep-22-2016,101.15
Sep-21-2016,101.2
Sep-20-2016,101.15
Sep-19-2016,101.2
Sep-16-2016,101.2
Sep-15-2016,101.2
Sep-14-2016,101.15
Sep-13-2016,101.1
Sep-12-2016,101.2
Sep-09-2016,101.05
Sep-08-2016,101.25
Sep-07-2016,101.2
Sep-06-2016,101.25
Sep-01-2016,101.25
Aug-31-2016,101.2
Aug-30-2016,101.3
Aug-29-2016,101.28
Aug-26-2016,101.3
Aug-25-2016,101.3
Aug-24-2016,101.25
Aug-23-2016,101.25
Aug-22-2016,101.28
Aug-19-2016,101.3
Aug-18-2016,101.3
Aug-17-2016,101.36
Aug-16-2016,101.4
Aug-15-2016,101.4
Aug-12-2016,101.35
Aug-11-2016,101.4
Aug-10-2016,101.4
Aug-09-2016,101.35
Aug-08-2016,101.33
Aug-05-2016,101.3
Aug-04-2016,101.3
Aug-03-2016,101.25
Aug-02-2016,101.3
Aug-01-2016,101.35
Jul-29-2016,101.35
Jul-28-2016,101.35
Jul-27-2016,101.3
Jul-26-2016,101.25
Jul-25-2016,101.3
Jul-22-2016,101.25
Jul-21-2016,101.5
Jul-20-2016,101.5
Jul-19-2016,101.45
Jul-18-2016,101.4
Jul-15-2016,101.27
Jul-14-2016,101.3
Jul-13-2016,101.2
Jul-12-2016,101.25
Jul-11-2016,101.2
Jul-08-2016,101.1
Jul-07-2016,101.1
Jul-06-2016,101.05
Jul-05-2016,101.05
Jul-01-2016,101
Jun-30-2016,100.97
Jun-29-2016,101
Jun-28-2016,101.1
Jun-27-2016,101.15
Jun-24-2016,101.1
Jun-23-2016,101.2
Jun-22-2016,101.05
Jun-21-2016,101.1
Jun-20-2016,101.2
Jun-17-2016,101.2
Jun-16-2016,101.2
Jun-15-2016,101.2
Jun-14-2016,101
Jun-13-2016,101.05
Jun-10-2016,101.1
Jun-09-2016,101.05
Jun-08-2016,100.95
Jun-07-2016,101.05
Jun-06-2016,101
Jun-03-2016,100.95
Jun-02-2016,100.6
Jun-01-2016,100.7
May-31-2016,100.75
May-27-2016,100.5
May-26-2016,100.55
May-25-2016,100.6
May-24-2016,100.8
May-23-2016,100.85
May-20-2016,100.75
May-19-2016,100.65
May-18-2016,100.9
May-17-2016,100.75
May-16-2016,100.5
May-13-2016,100.55
May-12-2016,100.47
May-11-2016,100.56
May-10-2016,100.6
May-09-2016,100.6
May-06-2016,100.3
May-05-2016,100.5
May-04-2016,100.6
May-03-2016,100.75
May-02-2016,100.9
Apr-29-2016,101
Apr-28-2016,101.1
Apr-27-2016,101.05
Apr-26-2016,101.1
Apr-25-2016,101.1
Apr-22-2016,101.17
Apr-21-2016,101.05
Apr-20-2016,101
Apr-19-2016,101.1
Apr-18-2016,101.1
Apr-15-2016,101.07
Apr-14-2016,101.1
Apr-13-2016,101
Apr-12-2016,101
Apr-11-2016,101
Apr-08-2016,101.05
Apr-07-2016,101.25
Apr-06-2016,101.19
Apr-05-2016,101.25
Apr-04-2016,101.4
Apr-01-2016,101.35
Mar-31-2016,101.4
Mar-30-2016,101.25
Mar-29-2016,101.45
Mar-28-2016,101.4
Mar-25-2016,101.45
Mar-24-2016,101.45
Mar-23-2016,101.45
Mar-22-2016,101.45
Mar-21-2016,101.4
Mar-18-2016,101.3
Mar-17-2016,101.4
Mar-16-2016,101.35
Mar-15-2016,101.4
Mar-14-2016,101.41
Mar-11-2016,101.3
Mar-10-2016,101.25
Mar-09-2016,101.5
Mar-08-2016,101.5
Mar-07-2016,101.35
Mar-04-2016,101.3
Mar-03-2016,101.25
Mar-02-2016,101.25
Mar-01-2016,101.45
Feb-29-2016,101.54
Feb-26-2016,101.6
Feb-25-2016,101.7
Feb-24-2016,101.65
Feb-23-2016,101.7
Feb-22-2016,101.7
Feb-19-2016,101.65
Feb-18-2016,101.65
Feb-17-2016,101.75
Feb-16-2016,101.65
Feb-12-2016,101.65
Feb-11-2016,101.7
Feb-10-2016,101.7
Feb-09-2016,101.9
Feb-08-2016,101.85
Feb-05-2016,101.95
Feb-04-2016,102.05
Feb-03-2016,102.15
Feb-02-2016,102.1
Feb-01-2016,102.25
Jan-29-2016,102.2
Jan-28-2016,102.2
Jan-27-2016,102.1
Jan-26-2016,102.2
Jan-25-2016,102.3
Jan-22-2016,102.25
Jan-21-2016,102.25
Jan-20-2016,102.3
Jan-19-2016,102.3
Jan-15-2016,102.3
Jan-14-2016,102.3
Jan-13-2016,102.3
Jan-12-2016,102.35
Jan-11-2016,102.25
Jan-08-2016,102.25
Jan-07-2016,102.05
Jan-06-2016,102.15
Jan-05-2016,102.15
Jan-04-2016,102.25
Dec-31-2015,102.2
Dec-30-2015,102.2
Dec-29-2015,102.2
Dec-28-2015,102.2
Dec-24-2015,102.2
Dec-23-2015,102.3
Dec-22-2015,102.2
Dec-21-2015,102.15
Dec-18-2015,102.25
Dec-17-2015,102.3
Dec-16-2015,102.3
Dec-15-2015,102.15
Dec-14-2015,102.05
Dec-11-2015,102.05
Dec-10-2015,101.65
Dec-09-2015,101.85
Dec-08-2015,101.85
Dec-07-2015,102
Dec-04-2015,102.1
Dec-03-2015,102.1
Dec-02-2015,102.15
Dec-01-2015,102.1
Nov-30-2015,102.05
Nov-27-2015,102.05
Nov-25-2015,102
Nov-24-2015,102.1
Nov-23-2015,102.15
Nov-20-2015,102
Nov-19-2015,102.15
Nov-18-2015,102.1
Nov-17-2015,102.15
Nov-16-2015,102.15
Nov-13-2015,102.25
Nov-12-2015,102.2
Nov-10-2015,102.25
Nov-09-2015,102.15
Nov-06-2015,102.15
Nov-05-2015,102.1
Nov-04-2015,101.85
Nov-03-2015,101.9
Nov-02-2015,101.95
Oct-30-2015,101.9
Oct-29-2015,101.75
Oct-28-2015,101.45
Oct-27-2015,101.45
Oct-26-2015,101.6
Oct-23-2015,102.05
Oct-22-2015,101.95
Oct-21-2015,102
Oct-20-2015,101.95
Oct-19-2015,102
Oct-16-2015,102.55
Oct-15-2015,102.95
Oct-14-2015,103.15
Oct-13-2015,103.1
Oct-09-2015,102.95
Oct-08-2015,102.85
Oct-07-2015,103.25
Oct-06-2015,103.1
Oct-02-2015,104
Oct-01-2015,104.3
Sep-30-2015,104.75
Sep-29-2015,105.5
Sep-28-2015,105.05
Sep-25-2015,105.15
Sep-24-2015,105.4
Sep-23-2015,105.45
Sep-22-2015,105.47
Sep-21-2015,105.25
Sep-18-2015,105
Sep-17-2015,105.7
Sep-16-2015,105.65
Sep-15-2015,105.65
Sep-14-2015,105.4
Sep-11-2015,105.15
Sep-10-2015,105.4
Sep-09-2015,105.1
Sep-08-2015,105.3
Sep-04-2015,105.35
Sep-03-2015,104.8
Sep-02-2015,104.55
Sep-01-2015,104.15
Aug-31-2015,103.9
Aug-28-2015,103.7
Aug-27-2015,103.6
Aug-26-2015,103.7
Aug-25-2015,103.7
Aug-24-2015,103.55
Aug-21-2015,103.1
Aug-20-2015,103.4
Aug-19-2015,103.2
Aug-18-2015,102.9
Aug-17-2015,102.55
Aug-14-2015,102.25
Aug-13-2015,101.7
Aug-12-2015,100.9
Aug-11-2015,100.8
Aug-10-2015,101.05
Aug-07-2015,101.05
Aug-06-2015,101.15
Aug-05-2015,100.9
Aug-04-2015,101
Aug-03-2015,101.25
Jul-31-2015,102.45
Jul-30-2015,101.95
Jul-29-2015,101.6
Jul-28-2015,102.4
Jul-27-2015,101.2
Jul-24-2015,101.15
Jul-23-2015,100.65
Jul-22-2015,100.75
Jul-21-2015,101.6
Jul-20-2015,102.4
Jul-17-2015,102.7
Jul-16-2015,102.4
Jul-15-2015,101.7
Jul-14-2015,101.6
Jul-13-2015,103.4
Jul-10-2015,101.35
Jul-09-2015,100.7
Jul-08-2015,100.15
Jul-07-2015,100.55
Jul-06-2015,99.8
Jul-02-2015,99.34
Jul-01-2015,99.15
Jun-30-2015,99.05
Jun-29-2015,98.55
Jun-26-2015,98.54
Jun-25-2015,98.35
Jun-24-2015,98.85
Jun-23-2015,98.65
Jun-22-2015,98.65
Jun-19-2015,98.45
Jun-18-2015,97.95
Jun-17-2015,97.8
Jun-16-2015,97.45
Jun-15-2015,97.25
Jun-12-2015,97.15
Jun-11-2015,97.2
Jun-10-2015,96.85
Jun-09-2015,97.35
Jun-08-2015,97.5
Jun-05-2015,96.35
Jun-04-2015,96.15
Jun-03-2015,96.75
Jun-02-2015,97
Jun-01-2015,97.6
May-29-2015,97.95
May-28-2015,98.65
May-27-2015,98.35
May-26-2015,98.1
May-22-2015,97.25
May-21-2015,96.95
May-20-2015,96.8
May-19-2015,96.5
May-18-2015,96.2
May-15-2015,95.8
May-14-2015,96.05
May-13-2015,96.45
May-12-2015,96.5
May-11-2015,95.8
May-08-2015,95.3
May-07-2015,95.2
May-06-2015,94.9
May-05-2015,94.81
May-04-2015,94.75
May-01-2015,94.65
Apr-30-2015,94.65
Apr-29-2015,94.35
Apr-28-2015,94.25
Apr-27-2015,94.45
Apr-24-2015,94.1
Apr-23-2015,93.9
Apr-22-2015,93.7
Apr-21-2015,93.55
Apr-20-2015,93.65
Apr-17-2015,93.35
Apr-16-2015,93.2
Apr-15-2015,93.45
Apr-14-2015,93.45
Apr-13-2015,93.15
Apr-10-2015,92.85
Apr-09-2015,92.75
Apr-08-2015,92.6
Apr-07-2015,92.55
Apr-06-2015,92.75
Apr-03-2015,92.75
Apr-02-2015,92.65
Apr-01-2015,92.35
Mar-31-2015,92.24
Mar-30-2015,92.2
Mar-27-2015,92.1
Mar-26-2015,92
Mar-25-2015,91.7
Mar-24-2015,91.7
Mar-23-2015,91.9
Mar-20-2015,92.02
Mar-19-2015,91.75
Mar-18-2015,91.9
Mar-17-2015,92.1
Mar-16-2015,92.25
Mar-13-2015,91.65
Mar-12-2015,91.65
Mar-11-2015,91.65
Mar-10-2015,91.5
Mar-09-2015,91.3
Mar-06-2015,91.1
Mar-05-2015,91.05
Mar-04-2015,91.1
Mar-03-2015,91.15
Mar-02-2015,91.35
Feb-27-2015,91.53
Feb-26-2015,91.4
Feb-24-2015,91.4
Feb-23-2015,91.4
Feb-20-2015,91.3
Feb-19-2015,91.4
Feb-18-2015,91.24
Feb-17-2015,91.3
Feb-13-2015,91.5
Feb-12-2015,91.52
Feb-11-2015,91.58
Feb-10-2015,91.65
Feb-09-2015,91.45
Feb-06-2015,91.25
Feb-05-2015,91.25
Feb-04-2015,91.5
Feb-03-2015,91.5
Feb-02-2015,91.55
Jan-30-2015,91.6
Jan-29-2015,91.65
Jan-28-2015,91.58
Jan-27-2015,91.6
Jan-26-2015,91.65
Jan-23-2015,91.65
Jan-22-2015,91.7
Jan-21-2015,91.6
Jan-20-2015,91.5
Jan-16-2015,91.45
Jan-15-2015,91.42
Jan-14-2015,91.35
Jan-13-2015,91.3
Jan-12-2015,91.18
Jan-09-2015,91.05
Jan-08-2015,91
Jan-07-2015,91
Jan-06-2015,90.89
Jan-05-2015,90.85
Jan-02-2015,90.65
Dec-31-2014,90.65
Dec-30-2014,90.6
Dec-29-2014,90.6
Dec-24-2014,90.55
Dec-23-2014,90.35
Dec-22-2014,90.3
Dec-19-2014,90.4
Dec-18-2014,90.4
Dec-17-2014,90.4
Dec-16-2014,90.5
Dec-15-2014,90.4
Dec-12-2014,90.45
Dec-11-2014,90.4
Dec-10-2014,90.5
Dec-09-2014,90.3
Dec-08-2014,90.3
Dec-05-2014,90.3
Dec-04-2014,90.2
Dec-03-2014,90.25
Dec-02-2014,90.15
Dec-01-2014,90.1
Nov-28-2014,90
Nov-26-2014,90.1
Nov-25-2014,90.25
Nov-24-2014,90.05
Nov-21-2014,90.02
Nov-20-2014,90
Nov-19-2014,90.05
Nov-18-2014,90.1
Nov-17-2014,89.85
Nov-14-2014,89.85
Nov-13-2014,90.05
Nov-12-2014,90
Nov-10-2014,89.7
Nov-07-2014,89.8
Nov-06-2014,89.7
Nov-05-2014,89.6
Nov-04-2014,89.55
Nov-03-2014,89.5
Oct-31-2014,89.35
Oct-30-2014,89.2
Oct-29-2014,89.2
Oct-28-2014,89.25
Oct-27-2014,89.35
Oct-24-2014,89.35
Oct-23-2014,89.05
Oct-22-2014,88.8
Oct-21-2014,88.85
Oct-20-2014,89.05
Oct-17-2014,89
Oct-16-2014,88.9
Oct-15-2014,89.25
Oct-14-2014,89.3
Oct-10-2014,89.05
Oct-09-2014,88.95
Oct-08-2014,88.95
Oct-07-2014,89.2
Oct-06-2014,89.25
Oct-03-2014,89.25
Oct-02-2014,89.1
Oct-01-2014,89.15
Sep-30-2014,89.3
Sep-29-2014,89.15
Sep-26-2014,89.2
Sep-25-2014,89.2
Sep-24-2014,89
Sep-23-2014,89
Sep-22-2014,88.7
Sep-19-2014,88.35
Sep-18-2014,88.8
Sep-17-2014,88.95
Sep-16-2014,88.9
Sep-15-2014,88.88
Sep-12-2014,88.75
Sep-11-2014,88.65
Sep-10-2014,88.6
Sep-09-2014,88.6
Sep-08-2014,88.55
Sep-05-2014,88.5
Sep-04-2014,88.55
Sep-03-2014,88.6
Sep-02-2014,88.65
Aug-29-2014,88.28
Aug-28-2014,88.35
Aug-27-2014,88.3
Aug-26-2014,88.6
Aug-25-2014,88.55
Aug-22-2014,88.2
Aug-21-2014,88.3
Aug-20-2014,88.25
Aug-19-2014,88.2
Aug-18-2014,88.15
Aug-15-2014,88.05
Aug-14-2014,87.95
Aug-13-2014,88.02
Aug-12-2014,87.85
Aug-11-2014,87.85
Aug-08-2014,87.79
Aug-07-2014,87.8
Aug-06-2014,87.85
Aug-05-2014,87.8
Aug-04-2014,87.8
Aug-01-2014,87.8
Jul-31-2014,87.75
Jul-30-2014,87.75
Jul-29-2014,87.6
Jul-28-2014,87.65
Jul-25-2014,87.7
Jul-24-2014,87.8
Jul-23-2014,87.8
Jul-22-2014,87.85
Jul-21-2014,87.75
Jul-18-2014,87.75
Jul-17-2014,87.7
Jul-16-2014,87.65
Jul-15-2014,87.7
Jul-14-2014,87.6
Jul-11-2014,87.65
Jul-10-2014,87.5
Jul-09-2014,87.75
Jul-08-2014,87.85
Jul-07-2014,87.87
Jul-03-2014,87.8
Jul-02-2014,87.6
Jul-01-2014,87.82
Jun-30-2014,87.58
Jun-27-2014,87.6
Jun-26-2014,87.6
Jun-25-2014,87.6
Jun-24-2014,87.4
Jun-23-2014,87.4
Jun-20-2014,87.3
Jun-19-2014,87.3
Jun-18-2014,87.55
Jun-17-2014,87.6
Jun-16-2014,87.9
Jun-13-2014,87.78
Jun-12-2014,87.85
Jun-11-2014,87.85
Jun-10-2014,87.45
Jun-09-2014,87.4
Jun-06-2014,87.5
Jun-05-2014,87.25
Jun-04-2014,87.5
Jun-03-2014,87.55
Jun-02-2014,87.7
May-30-2014,87.75
May-29-2014,87.8
May-28-2014,87.89
May-27-2014,87.95
May-23-2014,87.8
May-22-2014,87.85
May-21-2014,87.7
May-20-2014,87.8
May-19-2014,87.6
May-16-2014,87.42
May-15-2014,87.35
May-14-2014,87.31
May-13-2014,87.17
May-12-2014,87.05
May-09-2014,87
May-08-2014,87.08
May-07-2014,87
May-06-2014,86.95
May-05-2014,86.85
May-02-2014,86.8
May-01-2014,86.8
Apr-30-2014,86.8
Apr-29-2014,86.9
Apr-28-2014,86.87
Apr-25-2014,86.75
Apr-24-2014,86.93
Apr-23-2014,86.94
Apr-22-2014,87
Apr-21-2014,86.7
Apr-18-2014,86.7
Apr-17-2014,86.9
Apr-16-2014,86.8
Apr-15-2014,86.8
Apr-14-2014,86.7
Apr-11-2014,86.45
Apr-10-2014,86.46
Apr-09-2014,86.52
Apr-08-2014,86.66
Apr-07-2014,86.55
Apr-04-2014,86.77
Apr-03-2014,86.58
Apr-02-2014,86.45
Apr-01-2014,86.3
Mar-31-2014,86.46
Mar-28-2014,86.42
Mar-27-2014,86.55
Mar-26-2014,86.75
Mar-25-2014,86.55
Mar-24-2014,86.45
Mar-21-2014,86.51
Mar-20-2014,86.46
Mar-19-2014,86.45
Mar-18-2014,86.57
Mar-17-2014,86.48
Mar-14-2014,86.42
Mar-13-2014,86.45
Mar-12-2014,86.45
Mar-11-2014,86.37
Mar-10-2014,86.4
Mar-07-2014,86.45
Mar-06-2014,86.45
Mar-05-2014,86.4
Mar-04-2014,86.35
Mar-03-2014,86.25
Feb-28-2014,86.45
Feb-27-2014,86.42
Feb-26-2014,86.5
Feb-25-2014,86.35
Feb-24-2014,86.28
Feb-21-2014,86.05
Feb-20-2014,86.05
Feb-19-2014,86.15
Feb-18-2014,86.24
Feb-14-2014,86.3
Feb-13-2014,86.45
Feb-12-2014,86.25
Feb-11-2014,86.23
Feb-10-2014,86.2
Feb-07-2014,85.9
Feb-06-2014,85.94
Feb-05-2014,86.15
Feb-04-2014,86.25
Feb-03-2014,86.6
Jan-31-2014,86.42
Jan-30-2014,86.2
Jan-28-2014,85.75
Jan-27-2014,85.75
Jan-24-2014,85.75
Jan-23-2014,85.45
Jan-22-2014,85.75
Jan-21-2014,85.85
Jan-17-2014,85.96
Jan-16-2014,85.71
Jan-15-2014,85.85
Jan-14-2014,86.2
Jan-13-2014,86.35
Jan-10-2014,86.47
Jan-09-2014,86.5
Jan-08-2014,86.72
Jan-07-2014,86.9
Jan-06-2014,87
Jan-03-2014,86.8
Jan-02-2014,86.85
Dec-31-2013,86.4
Dec-30-2013,86.4
Dec-27-2013,85.85
Dec-26-2013,85.7
Dec-24-2013,85.71
Dec-23-2013,85.85
Dec-20-2013,85.9
Dec-19-2013,85.95
Dec-18-2013,86
Dec-17-2013,86.2
Dec-16-2013,86.35
Dec-13-2013,86.5
Dec-12-2013,86.45
Dec-11-2013,86.5
Dec-10-2013,86.8
Dec-09-2013,86.55
Dec-06-2013,86.55
Dec-05-2013,86.57
Dec-04-2013,86.55
Dec-03-2013,86.6
Dec-02-2013,86.55
Nov-29-2013,86.3
Nov-27-2013,86.95
Nov-26-2013,86.75
Nov-25-2013,86.51
Nov-22-2013,86.41
Nov-21-2013,86.25
Nov-20-2013,86.14
Nov-19-2013,86.15
Nov-18-2013,86.4
Nov-15-2013,86.4
Nov-14-2013,86.3
Nov-13-2013,86.3
Nov-12-2013,86
Nov-08-2013,85.6
Nov-07-2013,85.3
Nov-06-2013,85.35
Nov-05-2013,85.3
Nov-04-2013,85.45
Nov-01-2013,85.35
Oct-31-2013,85.15
Oct-30-2013,85.05
Oct-29-2013,85.2
Oct-28-2013,85
Oct-25-2013,84.8
Oct-24-2013,84.6
Oct-23-2013,84.7
Oct-22-2013,84.6
Oct-21-2013,84.65
Oct-18-2013,84.85
Oct-17-2013,84.85
Oct-16-2013,85
Oct-15-2013,85.03
Oct-11-2013,85.2
Oct-10-2013,85.35
Oct-09-2013,85.3
Oct-08-2013,85.1
Oct-07-2013,85.3
Oct-04-2013,85.9
Oct-03-2013,86.6
Oct-02-2013,86.65
Oct-01-2013,85.64
Sep-30-2013,86.6
Sep-27-2013,86.9
Sep-26-2013,86.95
Sep-25-2013,87.15
Sep-24-2013,87.45
Sep-23-2013,87.5
Sep-20-2013,87.3
Sep-19-2013,87.3
Sep-18-2013,87.45
Sep-17-2013,87.45
Sep-16-2013,87.5
Sep-13-2013,87.5
Sep-12-2013,87.5
Sep-11-2013,87.55
Sep-10-2013,87.4
Sep-09-2013,87.1
Sep-06-2013,87.3
Sep-05-2013,87.4
Sep-04-2013,87.4
Sep-03-2013,87.5
Aug-30-2013,87.65
Aug-29-2013,87.52
Aug-28-2013,87.55
Aug-27-2013,87.35
Aug-26-2013,87.55
Aug-23-2013,87.55
Aug-22-2013,87.4
Aug-21-2013,87.3
Aug-20-2013,87.5
Aug-19-2013,87.45
Aug-16-2013,87.45
Aug-15-2013,87.45
Aug-14-2013,87.6
Aug-13-2013,87.6
Aug-12-2013,87.45
Aug-09-2013,87.3
Aug-08-2013,87.4
Aug-07-2013,87.3
Aug-06-2013,87.3
Aug-05-2013,87.1
Aug-02-2013,87.3
Aug-01-2013,87.45
Jul-31-2013,87.3
Jul-30-2013,87.2
Jul-29-2013,87.05
Jul-26-2013,87.2
Jul-25-2013,87.4
Jul-24-2013,87.02
Jul-23-2013,87.25
Jul-22-2013,87.15
Jul-19-2013,87.1
Jul-18-2013,87
Jul-17-2013,86.65
Jul-16-2013,87.05
Jul-15-2013,87.4
Jul-12-2013,87.1
Jul-11-2013,87
Jul-10-2013,86.8
Jul-09-2013,86.9
Jul-08-2013,86.75
Jul-05-2013,86.3
Jul-03-2013,86.05
Jul-02-2013,85.7
Jul-01-2013,85.8
Jun-28-2013,85.5
Jun-27-2013,86.05
Jun-26-2013,86
Jun-25-2013,86.1
Jun-24-2013,85.75
Jun-21-2013,85.75
Jun-20-2013,85.7
Jun-19-2013,85.7
Jun-18-2013,85.45
Jun-17-2013,85.65
Jun-14-2013,85.4
Jun-13-2013,85.5
Jun-12-2013,85.15
Jun-11-2013,85.05
Jun-10-2013,84.85
Jun-07-2013,84.9
Jun-06-2013,85.15
Jun-05-2013,85.1
Jun-04-2013,85.05
Jun-03-2013,84.9
May-31-2013,85.1
May-30-2013,84.95
May-29-2013,85.05
May-28-2013,85.3
May-24-2013,84.17
May-23-2013,84.35
May-22-2013,84.36
May-21-2013,84.1
May-20-2013,83.8
May-17-2013,83.75
May-16-2013,83.75
May-15-2013,83.8
May-14-2013,83.8
May-13-2013,83.8
May-10-2013,83.75
May-09-2013,83.7
May-08-2013,83.7
May-07-2013,83.9
May-06-2013,83.9
May-03-2013,83.6
May-02-2013,83.62
May-01-2013,83.75
Apr-30-2013,83.55
Apr-29-2013,83.5
Apr-26-2013,83.7
Apr-25-2013,83.7
Apr-24-2013,83.7
Apr-23-2013,83.85
Apr-22-2013,83.9
Apr-19-2013,83.7
Apr-18-2013,83.75
Apr-17-2013,83.75
Apr-16-2013,83.7
Apr-15-2013,83.95
Apr-12-2013,83.83
Apr-11-2013,84.1
Apr-10-2013,84.25
Apr-09-2013,84.7
Apr-08-2013,84.7
Apr-05-2013,84.7
Apr-04-2013,84.65
Apr-03-2013,84.9
Apr-02-2013,84.95
Apr-01-2013,85.4
Mar-29-2013,85.25
Mar-28-2013,85.5
Mar-27-2013,85.5
Mar-26-2013,85.7
Mar-25-2013,85.9
Mar-22-2013,85.7
Mar-21-2013,85.7
Mar-20-2013,85.4
Mar-19-2013,85.62
Mar-18-2013,85.55
Mar-15-2013,85.55
Mar-14-2013,85.25
Mar-13-2013,85.25
Mar-12-2013,85.4
Mar-11-2013,85.45
Mar-08-2013,85.75
Mar-07-2013,86.25
Mar-06-2013,86.4
Mar-05-2013,85.25
Mar-04-2013,85.8
Mar-01-2013,85.7
Feb-28-2013,85.9
Feb-27-2013,86.5
Feb-26-2013,87.2
Feb-25-2013,87.3
Feb-22-2013,87.3
Feb-21-2013,87.2
Feb-20-2013,87.58
Feb-19-2013,87.6
Feb-15-2013,87.34
Feb-14-2013,87.35
Feb-13-2013,87.25
Feb-12-2013,87.25
Feb-11-2013,87.5
Feb-08-2013,87.25
Feb-07-2013,87.6
Feb-06-2013,87.45
Feb-05-2013,87.55
Feb-04-2013,87.55
Feb-01-2013,87.2
Jan-31-2013,87.6
Jan-30-2013,87.5
Jan-29-2013,87.46
Jan-28-2013,87.56
Jan-25-2013,87.4
Jan-24-2013,87.4
Jan-23-2013,87.45
Jan-22-2013,87.25
Jan-18-2013,86.8
Jan-17-2013,86.7
Jan-16-2013,86.7
Jan-15-2013,86.7
Jan-14-2013,86.7
Jan-11-2013,86.7
Jan-10-2013,86.65
Jan-09-2013,86.55
Jan-08-2013,86.5
Jan-07-2013,86.4
Jan-04-2013,86.4
Jan-03-2013,86.5
Jan-02-2013,86.15
Dec-31-2012,86.1
Dec-28-2012,86
Dec-27-2012,85.85
Dec-26-2012,85.75
Dec-21-2012,85.85
Dec-20-2012,86
Dec-19-2012,85.9
Dec-18-2012,86
Dec-17-2012,86.05
Dec-14-2012,86.05
Dec-13-2012,85.73
Dec-12-2012,86.05
Dec-11-2012,86.1
Dec-10-2012,86
Dec-07-2012,85.8
Dec-06-2012,85.9
Dec-05-2012,85.95
Dec-04-2012,85.95
Dec-03-2012,85.9
Nov-30-2012,85.85
Nov-29-2012,85.9
Nov-28-2012,85.75
Nov-27-2012,85.9
Nov-26-2012,86
Nov-23-2012,85.55
Nov-21-2012,85.65
Nov-20-2012,85.65
Nov-19-2012,85.65
Nov-16-2012,85.55
Nov-15-2012,85.65
Nov-14-2012,85.55
Nov-13-2012,85.4
Nov-09-2012,85.35
Nov-08-2012,85.1
Nov-07-2012,85.45
Nov-06-2012,85.5
Nov-05-2012,85.5
Nov-02-2012,85.4
Nov-01-2012,85.2
Oct-31-2012,85.05
Oct-30-2012,85.05
Oct-29-2012,85.25
Oct-26-2012,85.1
Oct-25-2012,84.95
Oct-24-2012,85.1
Oct-23-2012,85.25
Oct-22-2012,85.1
Oct-19-2012,85.15
Oct-18-2012,85.05
Oct-17-2012,84.95
Oct-16-2012,85.13
Oct-15-2012,85.15
Oct-12-2012,85.05
Oct-11-2012,85.05
Oct-10-2012,85
Oct-09-2012,85.15
Oct-05-2012,84.9
Oct-04-2012,84.9
Oct-03-2012,84.95
Oct-02-2012,84.9
Oct-01-2012,85.25
Sep-28-2012,85.35
Sep-27-2012,85.15
Sep-26-2012,85.1
Sep-25-2012,84.9
Sep-24-2012,84.8
Sep-21-2012,84.8
Sep-20-2012,84.75
Sep-19-2012,84.7
Sep-18-2012,84.7
Sep-17-2012,84.6
Sep-14-2012,84.3
Sep-13-2012,84.3
Sep-12-2012,84.1
Sep-11-2012,84.2
Sep-10-2012,84.2
Sep-07-2012,84.3
Sep-06-2012,84.3
Sep-05-2012,84.9
Sep-04-2012,84.6
Aug-31-2012,84.25
Aug-30-2012,84.15
Aug-29-2012,84.1
Aug-28-2012,84.1
Aug-27-2012,84.05
Aug-24-2012,84
Aug-23-2012,83.9
Aug-22-2012,83.95
Aug-21-2012,83.9
Aug-20-2012,83.9
Aug-17-2012,83.75
Aug-16-2012,84.05
Aug-15-2012,83.9
Aug-14-2012,83.8
Aug-13-2012,83.8
Aug-10-2012,84
Aug-09-2012,83.9
Aug-08-2012,84.05
Aug-07-2012,83.9
Aug-06-2012,84.05
Aug-03-2012,84.1
Aug-02-2012,83.96
Aug-01-2012,84.2
Jul-31-2012,84.2
Jul-30-2012,84.15
Jul-27-2012,84.2
Jul-26-2012,84.3
Jul-25-2012,84.1
Jul-24-2012,84.3
Jul-23-2012,84.2
Jul-20-2012,84.1
Jul-19-2012,84.15
Jul-18-2012,84.1
Jul-17-2012,84.1
Jul-16-2012,84.12
Jul-13-2012,84
Jul-12-2012,83.8
Jul-11-2012,83.85
Jul-10-2012,83.8
Jul-09-2012,84
Jul-06-2012,83.9
Jul-05-2012,84.25
Jul-03-2012,84
Jul-02-2012,84
Jun-29-2012,84.2
Jun-28-2012,84.25
Jun-27-2012,84.1
Jun-26-2012,84.15
Jun-25-2012,84
Jun-22-2012,84.1
Jun-21-2012,83.6
Jun-20-2012,83.85
Jun-19-2012,84.3
Jun-18-2012,84.4
Jun-15-2012,84.65
Jun-14-2012,85.15
Jun-13-2012,85.2
Jun-12-2012,85.45
Jun-11-2012,84.8
Jun-08-2012,84.75
Jun-07-2012,84.6
Jun-06-2012,85.3
Jun-05-2012,85.8
Jun-04-2012,86
Jun-01-2012,86
May-31-2012,85.7
May-30-2012,86.35
May-29-2012,85.7
May-25-2012,85.1
May-24-2012,85.28
May-23-2012,85.2
May-22-2012,84.8
May-21-2012,84.7
May-18-2012,84.2
May-17-2012,84.2
May-16-2012,84.45
May-15-2012,84
May-14-2012,83.75
May-11-2012,83.55
May-10-2012,83.4
May-09-2012,83.25
May-08-2012,83.2
May-07-2012,82.95
May-04-2012,83.2
May-03-2012,83.3
May-02-2012,83.27
May-01-2012,83.1
Apr-30-2012,83.2
Apr-27-2012,83.2
Apr-26-2012,83.1
Apr-25-2012,83.1
Apr-24-2012,83.15
Apr-23-2012,83.1
Apr-20-2012,83.15
Apr-19-2012,83.1
Apr-18-2012,83.1
Apr-17-2012,83.15
Apr-16-2012,83.15
Apr-13-2012,83.2
Apr-12-2012,83.35
Apr-11-2012,83.15
Apr-10-2012,83
Apr-09-2012,83
Apr-06-2012,83
Apr-05-2012,83.05
Apr-04-2012,83.2
Apr-03-2012,83
Apr-02-2012,83
Mar-30-2012,82.95
Mar-29-2012,82.95
Mar-28-2012,82.8
Mar-27-2012,83
Mar-26-2012,83.1
Mar-23-2012,82.9
Mar-22-2012,83.05
Mar-21-2012,82.8
Mar-20-2012,82.6
Mar-19-2012,82.8
Mar-16-2012,82.9
Mar-15-2012,82.25
Mar-14-2012,82.2
Mar-13-2012,82.2
Mar-12-2012,81.97
Mar-09-2012,82.7
Mar-08-2012,82.65
Mar-07-2012,82.8
Mar-06-2012,82.95
Mar-05-2012,82.9
Mar-02-2012,83.2
Mar-01-2012,82.95
Feb-29-2012,83
Feb-28-2012,82.6
Feb-27-2012,82.6
Feb-24-2012,82.5
Feb-23-2012,82.6
Feb-22-2012,82.9
Feb-21-2012,83.15
Feb-17-2012,83
Feb-16-2012,82.8
Feb-15-2012,82.85
Feb-14-2012,82.9
Feb-13-2012,82.85
Feb-10-2012,82.7
Feb-09-2012,82.8
Feb-08-2012,82.9
Feb-07-2012,83.3
Feb-06-2012,83.3
Feb-03-2012,83.8
Feb-02-2012,83.4
Feb-01-2012,83.5
Jan-31-2012,83.9
Jan-30-2012,84.35
Jan-27-2012,84.95
Jan-26-2012,85
Jan-25-2012,85.6
Jan-24-2012,85.85
Jan-23-2012,86.5
Jan-20-2012,85.85
Jan-19-2012,85.9
Jan-18-2012,86.15
Jan-17-2012,86.25
Jan-13-2012,87.3
Jan-12-2012,87.5
Jan-11-2012,87.1
Jan-10-2012,87.25
Jan-09-2012,87.25
Jan-06-2012,86.75
Jan-05-2012,86.55
Jan-04-2012,87.1
Jan-03-2012,85.4
Dec-30-2011,85.15
Dec-29-2011,85
Dec-28-2011,83.9
Dec-27-2011,83.75
Dec-23-2011,83.55
Dec-22-2011,83.45
Dec-21-2011,83.4
Dec-20-2011,83.29
Dec-19-2011,83.55
Dec-16-2011,83.6
Dec-15-2011,85.45
Dec-14-2011,87.55
Dec-13-2011,88.75
Dec-12-2011,89.5
Dec-09-2011,89.35
Dec-08-2011,89.2
Dec-07-2011,89.4
Dec-06-2011,89.75
Dec-05-2011,89.2
Dec-02-2011,89.8
Dec-01-2011,89.7
Nov-30-2011,89.65
Nov-29-2011,89.25
Nov-28-2011,90.3
Nov-25-2011,90.5
Nov-23-2011,90.1
Nov-22-2011,89.7
Nov-21-2011,90.6
Nov-18-2011,91.7
Nov-17-2011,92.3
Nov-16-2011,94.15
Nov-15-2011,93.6
Nov-14-2011,93.5
Nov-10-2011,95
Nov-09-2011,95.7
Nov-08-2011,96.55
Nov-07-2011,97
Nov-04-2011,97.15
Nov-03-2011,97.15
Nov-02-2011,96.3
Nov-01-2011,98.3
Oct-31-2011,99.2
Oct-28-2011,99
Oct-27-2011,100
Oct-26-2011,101.1
Oct-25-2011,100.6
Oct-24-2011,100.35
Oct-21-2011,99.75
Oct-20-2011,99.9
Oct-19-2011,99.55
Oct-18-2011,99.1
Oct-17-2011,99.65
Oct-14-2011,100.5
Oct-13-2011,103.7
Oct-12-2011,104.9
Oct-11-2011,106.1
Oct-07-2011,102.1
Oct-06-2011,101.6
Oct-05-2011,101.5
Oct-04-2011,101.9
Oct-03-2011,100.75
Sep-30-2011,99.6
Sep-29-2011,99
Sep-28-2011,101.2
Sep-27-2011,103.5
Sep-26-2011,101
Sep-23-2011,98.5
Sep-22-2011,97.8
Sep-21-2011,95.8
Sep-20-2011,95.8
Sep-19-2011,95.3
Sep-16-2011,94.9
Sep-15-2011,94.55
Sep-14-2011,94.4
Sep-13-2011,94.5
Sep-12-2011,95.1
Sep-09-2011,93.7
Sep-08-2011,94.1
Sep-07-2011,93.7
Sep-06-2011,94.4
Sep-02-2011,94.05
Sep-01-2011,94
Aug-31-2011,93.45
Aug-30-2011,93.6
Aug-29-2011,94
Aug-26-2011,92.65
Aug-25-2011,92.8
Aug-24-2011,92.4
Aug-23-2011,92.6
Aug-22-2011,92.72
Aug-19-2011,93.05
Aug-18-2011,92.55
Aug-17-2011,93
Aug-16-2011,92.9
Aug-15-2011,92.6
Aug-12-2011,92.8
Aug-11-2011,93.6
Aug-10-2011,92.7
Aug-09-2011,94.8
Aug-08-2011,93.3
Aug-05-2011,92.83
Aug-04-2011,92.05
Aug-03-2011,91.4
Aug-02-2011,91.4
Aug-01-2011,90.95
Jul-29-2011,90.85
Jul-28-2011,91
Jul-27-2011,90.45
Jul-26-2011,90.25
Jul-25-2011,90.4
Jul-22-2011,90
Jul-21-2011,89.95
Jul-20-2011,89.7
Jul-19-2011,89.75
Jul-18-2011,90
Jul-15-2011,89.65
Jul-14-2011,89.35
Jul-13-2011,89.55
Jul-12-2011,90.3
Jul-11-2011,90.25
Jul-08-2011,89.95
Jul-07-2011,89.8
Jul-06-2011,89.46
Jul-05-2011,88.4
Jul-01-2011,88.7
Jun-30-2011,89.1
Jun-29-2011,89.75
Jun-28-2011,89.98
Jun-27-2011,90.7
Jun-24-2011,90.55
Jun-23-2011,89.8
Jun-22-2011,91.25
Jun-21-2011,91.35
Jun-20-2011,90.5
Jun-17-2011,89.85
Jun-16-2011,90.7
Jun-15-2011,88.75
Jun-14-2011,89.3
Jun-13-2011,89.4
Jun-10-2011,87.6
Jun-09-2011,87.55
Jun-08-2011,87.5
Jun-07-2011,87.55
Jun-06-2011,86.65
Jun-03-2011,86.4
Jun-02-2011,86.6
Jun-01-2011,85.8
May-31-2011,85.5
May-27-2011,85.3
May-26-2011,85.1
May-25-2011,86.1
May-24-2011,86.5
May-23-2011,86.55
May-20-2011,85.55
May-19-2011,86.35
May-18-2011,86.8
May-17-2011,86.13
May-16-2011,86.25
May-13-2011,85.7
May-12-2011,85.55
May-11-2011,85.55
May-10-2011,84.8
May-09-2011,84.3
May-06-2011,84
May-05-2011,83.45
May-04-2011,83.45
May-03-2011,83.4
May-02-2011,83.2
Apr-29-2011,83.2
Apr-28-2011,83.05
Apr-27-2011,83.6
Apr-26-2011,83.55
Apr-25-2011,83.7
Apr-22-2011,83.7
Apr-21-2011,83.8
Apr-20-2011,83.7
Apr-19-2011,83.75
Apr-18-2011,83.55
Apr-15-2011,83.95
Apr-14-2011,83.95
Apr-13-2011,83.8
Apr-12-2011,83.77
Apr-11-2011,83.92
Apr-08-2011,83.8
Apr-07-2011,84.5
Apr-06-2011,84.1
Apr-05-2011,83.8
Apr-04-2011,83.6
Apr-01-2011,83.2
Mar-31-2011,83.15
Mar-30-2011,83.1
Mar-29-2011,83.6
Mar-28-2011,84.15
Mar-25-2011,84.6
Mar-24-2011,84.9
Mar-23-2011,84.95
Mar-22-2011,85.25
Mar-21-2011,84.9
Mar-18-2011,84.65
Mar-17-2011,85.3
Mar-16-2011,85.75
Mar-15-2011,85.85
Mar-14-2011,85.45
Mar-11-2011,85.75
Mar-10-2011,83.95
Mar-09-2011,83.7
Mar-08-2011,83.35
Mar-07-2011,83
Mar-04-2011,82.8
Mar-03-2011,82.8
Mar-02-2011,82.65
Mar-01-2011,82.63
Feb-28-2011,82.3
Feb-25-2011,82.25
Feb-24-2011,81.8
Feb-23-2011,81.8
Feb-22-2011,81.95
Feb-18-2011,81.65
Feb-17-2011,81.35
Feb-16-2011,81.35
Feb-15-2011,81.05
Feb-14-2011,81.15
Feb-11-2011,81.35
Feb-10-2011,81.2
Feb-09-2011,80.95
Feb-08-2011,81.15
Feb-07-2011,80.95
Feb-04-2011,81.15
Feb-03-2011,81.05
Feb-02-2011,81
Feb-01-2011,80.95
Jan-31-2011,81.2
Jan-28-2011,81.1
Jan-27-2011,80.9
Jan-26-2011,80.95
Jan-25-2011,80.95
Jan-21-2011,81.05
Jan-20-2011,81.05
Jan-19-2011,80.95
Jan-18-2011,80.95
Jan-14-2011,80.8
Jan-13-2011,80.75
Jan-12-2011,80.95
Jan-11-2011,81.1
Jan-10-2011,81.2
Jan-07-2011,81.1
Jan-06-2011,81.1
Jan-05-2011,80.9
Jan-04-2011,80.9
Jan-03-2011,80.8
Dec-30-2010,80.4
Dec-29-2010,80.65
Dec-28-2010,80.6
Dec-27-2010,80.6
Dec-23-2010,80.6
Dec-22-2010,80.3
Dec-21-2010,80.4
Dec-20-2010,80.45
Dec-17-2010,80.4
Dec-16-2010,80.25
Dec-15-2010,80.55
Dec-14-2010,80.4
Dec-13-2010,80.55
Dec-10-2010,80.4
Dec-09-2010,80.45
Dec-08-2010,80.6
Dec-07-2010,80.15
Dec-06-2010,80.4
Dec-03-2010,80.2
Dec-02-2010,80.4
Dec-01-2010,80.6
Nov-30-2010,80.9
Nov-29-2010,80.82
Nov-26-2010,80.75
Nov-24-2010,80.25
Nov-23-2010,80.13
Nov-22-2010,80.05
Nov-19-2010,80
Nov-18-2010,80
Nov-17-2010,79.9
Nov-16-2010,80.4
Nov-15-2010,80.45
Nov-12-2010,80.45
Nov-10-2010,80.45
Nov-09-2010,80.5
Nov-08-2010,80.5
Nov-05-2010,79.9
Nov-04-2010,80.4
Nov-03-2010,80.45
Nov-02-2010,80.6
Nov-01-2010,80.5
Oct-29-2010,80.65
Oct-28-2010,80.8
Oct-27-2010,80.75
Oct-26-2010,80.68
Oct-25-2010,80.6
Oct-22-2010,80.7
Oct-21-2010,80.7
Oct-20-2010,80.7
Oct-19-2010,80.79
Oct-18-2010,80.7
Oct-15-2010,80.3
Oct-14-2010,80.25
Oct-13-2010,80.6
Oct-12-2010,80.75
Oct-08-2010,80.55
Oct-07-2010,80.51
Oct-06-2010,80.55
Oct-05-2010,80.58
Oct-04-2010,80.8
Oct-01-2010,80.7
Sep-30-2010,80.6
Sep-29-2010,80.7
Sep-28-2010,80.8
Sep-27-2010,80.95
Sep-24-2010,80.7
Sep-23-2010,80.95
Sep-22-2010,80.9
Sep-21-2010,81.05
Sep-20-2010,80.85
Sep-17-2010,80.45
Sep-16-2010,80.6
Sep-15-2010,80.75
Sep-14-2010,80.8
Sep-13-2010,80.7
Sep-10-2010,81
Sep-09-2010,81.3
Sep-08-2010,81.1
Sep-07-2010,81
Sep-03-2010,80.77
Sep-02-2010,80.7
Sep-01-2010,80.8
Aug-31-2010,80.85
Aug-30-2010,80.8
Aug-27-2010,80.67
Aug-26-2010,80.7
Aug-25-2010,80.9
Aug-24-2010,81.35
Aug-23-2010,81.1
Aug-20-2010,81.15
Aug-19-2010,81.05
Aug-18-2010,80.72
Aug-17-2010,80.2
Aug-16-2010,80.45
Aug-13-2010,80.2
Aug-12-2010,80.3
Aug-11-2010,79.7
Aug-10-2010,79.5
Aug-09-2010,79.4
Aug-06-2010,79.35
Aug-05-2010,79.55
Aug-04-2010,80
Aug-03-2010,79.95
Aug-02-2010,80.2
Jul-30-2010,80.4
Jul-29-2010,80.15
Jul-28-2010,80.35
Jul-27-2010,80.75
Jul-26-2010,81.1
Jul-23-2010,81.25
Jul-22-2010,81.55
Jul-21-2010,81.7
Jul-20-2010,81.8
Jul-19-2010,81.47
Jul-16-2010,81.4
Jul-15-2010,81.45
Jul-14-2010,81.4
Jul-13-2010,81.85
Jul-12-2010,81.75
Jul-09-2010,81.15
Jul-08-2010,81.25
Jul-07-2010,81.55
Jul-06-2010,81.5
Jul-02-2010,81.45
Jul-01-2010,81.65
Jun-30-2010,81.85
Jun-29-2010,81.95
Jun-28-2010,81.45
Jun-25-2010,81.45
Jun-24-2010,81.15
Jun-23-2010,81.05
Jun-22-2010,80.95
Jun-21-2010,80.45
Jun-18-2010,80.6
Jun-17-2010,80.6
Jun-16-2010,80.4
Jun-15-2010,80.6
Jun-14-2010,80.75
Jun-11-2010,80.45
Jun-10-2010,81.15
Jun-09-2010,82
Jun-08-2010,81.85
Jun-07-2010,81.95
Jun-04-2010,80.6
Jun-02-2010,79.9
Jun-01-2010,79.9
May-28-2010,79.6
May-27-2010,79.4
May-26-2010,79.6
May-25-2010,79.9
May-24-2010,79.07
May-21-2010,79.3
May-20-2010,79.1
May-19-2010,79.1
May-18-2010,78.6
May-17-2010,78.4
May-14-2010,77.97
May-13-2010,77.8
May-12-2010,77.8
May-11-2010,77.88
May-10-2010,77.5
May-07-2010,78
May-06-2010,77.73
May-05-2010,77.25
May-03-2010,77.1
Apr-30-2010,76.9
Apr-29-2010,77.3
Apr-28-2010,77.35
Apr-27-2010,77.3
Apr-26-2010,77.25
Apr-23-2010,77.33
Apr-22-2010,77.2
Apr-21-2010,77.2
Apr-20-2010,77.2
Apr-19-2010,77.3
Apr-16-2010,77.2
Apr-15-2010,77.05
Apr-14-2010,76.85
Apr-13-2010,77.18
Apr-12-2010,77.1
Apr-09-2010,77
Apr-08-2010,77.15
Apr-06-2010,77.15
Apr-05-2010,77
Apr-02-2010,77
Apr-01-2010,77.15
Mar-31-2010,77.25
Mar-30-2010,77.25
Mar-29-2010,77.2
Mar-26-2010,77.2
Mar-25-2010,77.35
Mar-24-2010,77.4
Mar-23-2010,77
Mar-22-2010,77
Mar-19-2010,76.8
Mar-18-2010,76.8
Mar-17-2010,76.7
Mar-16-2010,76.7
Mar-15-2010,76.8
Mar-12-2010,76.4
Mar-11-2010,76.65
Mar-10-2010,76.65
Mar-09-2010,76.75
Mar-08-2010,76.62
Mar-05-2010,76.6
Mar-04-2010,76.75
Mar-03-2010,76.8
Mar-02-2010,76.9
Mar-01-2010,76.9
Feb-26-2010,76.92
Feb-25-2010,76.9
Feb-24-2010,76.85
Feb-23-2010,76.95
Feb-22-2010,76.57
Feb-19-2010,76.65
Feb-18-2010,76.75
Feb-17-2010,76.75
Feb-16-2010,77.25
Feb-12-2010,76.9
Feb-11-2010,76.5
Feb-10-2010,76.15
Feb-09-2010,76.5
Feb-03-2010,75.8
Feb-01-2010,75.85
Jan-29-2010,75.8
Jan-28-2010,75.9
Jan-27-2010,76.35
Jan-26-2010,76.35
Jan-25-2010,76
Jan-22-2010,75.8
Jan-21-2010,75.8
Jan-20-2010,75.75
Jan-19-2010,75.75
Jan-15-2010,75.7
Jan-14-2010,75.4
Jan-13-2010,75.45
Jan-12-2010,75.5
Jan-11-2010,75
Jan-08-2010,75.4
Jan-07-2010,75.3
Jan-06-2010,75.6
Jan-05-2010,75.35
Jan-04-2010,75.55
Dec-30-2009,75.65
Dec-29-2009,75.6
Dec-28-2009,75.8
Dec-24-2009,75.65
Dec-23-2009,75.4
Dec-22-2009,76.05
Dec-21-2009,75.1
Dec-18-2009,75
Dec-17-2009,75.15
Dec-16-2009,75
Dec-15-2009,75.2
Dec-14-2009,75.25
Dec-11-2009,75.5
Dec-10-2009,75.65
Dec-09-2009,75.7
Dec-08-2009,75.4
Dec-07-2009,75.3
Dec-04-2009,74.75
Dec-03-2009,74.9
Dec-02-2009,74.8
Dec-01-2009,74.8
Nov-30-2009,74.78
Nov-27-2009,75.1
Nov-25-2009,74.4
Nov-24-2009,74.7
Nov-23-2009,74.55
Nov-20-2009,74.7
Nov-18-2009,74.25
Nov-17-2009,74.15
Nov-16-2009,74.7
Nov-13-2009,74.45
Nov-12-2009,74.2
Nov-10-2009,74.35
Nov-09-2009,74.25
Nov-06-2009,74.55
Nov-05-2009,75
Nov-04-2009,75
Nov-03-2009,75.25
Nov-02-2009,75.3
Oct-30-2009,75.23
Oct-29-2009,75.2
Oct-28-2009,75.2
Oct-27-2009,75.25
Oct-26-2009,75.2
Oct-23-2009,74.9
Oct-22-2009,75.08
Oct-21-2009,75.25
Oct-20-2009,75.25
Oct-19-2009,75
Oct-16-2009,75.2
Oct-15-2009,75.15
Oct-14-2009,75.25
Oct-13-2009,75.35
Oct-08-2009,75.05
Oct-07-2009,75
Oct-06-2009,75.05
Oct-05-2009,75.55
Oct-02-2009,75.6
Oct-01-2009,75.55
Sep-30-2009,74.6
Sep-29-2009,74.9
Sep-28-2009,75.6
Sep-25-2009,74.8
Sep-24-2009,74.15
Sep-23-2009,74.6
Sep-22-2009,74.7
Sep-21-2009,74.75
Sep-18-2009,74.5
Sep-17-2009,74.8
Sep-16-2009,75.45
Sep-15-2009,75.44
Sep-14-2009,75.7
Sep-11-2009,75.9
Sep-10-2009,75.94
Sep-09-2009,75.9
Sep-08-2009,75.8
Sep-04-2009,75.98
Sep-03-2009,76.2
Sep-02-2009,76.2
Sep-01-2009,76.05
Aug-31-2009,76.05
Aug-28-2009,75.95
Aug-27-2009,76.25
Aug-26-2009,75.95
Aug-25-2009,76.2
Aug-24-2009,76.2
Aug-21-2009,76.05
Aug-20-2009,76.25
Aug-18-2009,76.2
Aug-17-2009,76.44
Aug-14-2009,76
Aug-13-2009,76.4
Aug-12-2009,76.6
Aug-11-2009,76.4
Aug-10-2009,75.95
Aug-07-2009,76
Aug-06-2009,76.2
Aug-05-2009,76.2
Aug-04-2009,75.95
Aug-03-2009,76.3
Jul-31-2009,76.6
Jul-30-2009,76.52
Jul-29-2009,76.6
Jul-28-2009,76.55
Jul-27-2009,76.35
Jul-24-2009,76.4
Jul-23-2009,76.4
Jul-22-2009,76.65
Jul-21-2009,76.85
Jul-20-2009,76.85
Jul-17-2009,76.75
Jul-16-2009,76.6
Jul-15-2009,77.2
Jul-14-2009,77.45
Jul-13-2009,77.3
Jul-10-2009,76.7
Jul-09-2009,76.5
Jul-08-2009,77.15
Jul-07-2009,76.8
Jul-06-2009,76.65
Jul-02-2009,75.9
Jul-01-2009,76.15
Jun-30-2009,76.25
Jun-29-2009,77.05
Jun-26-2009,77
Jun-25-2009,76.7
Jun-24-2009,77.85
Jun-23-2009,77.95
Jun-22-2009,78.03
Jun-19-2009,77.45
Jun-18-2009,77.8
Jun-17-2009,77.65
Jun-16-2009,78.12
Jun-15-2009,78.01
Jun-12-2009,77.7
Jun-11-2009,78
Jun-10-2009,78.12
Jun-09-2009,77.85
Jun-08-2009,78.05
Jun-05-2009,77.88
Jun-04-2009,77.7
Jun-03-2009,77.75
Jun-02-2009,77.9
Jun-01-2009,78.15
May-29-2009,78.25
May-28-2009,78.3
May-27-2009,78
May-26-2009,77.8
May-22-2009,77.75
May-21-2009,77.9
May-20-2009,78
May-19-2009,77.8
May-18-2009,78.25
May-15-2009,78.15
May-14-2009,78.35
May-13-2009,76.8
May-12-2009,76.85
May-11-2009,77.45
May-08-2009,78.45
May-07-2009,77.3
May-06-2009,76.3
May-05-2009,77.55
May-04-2009,78.55
May-01-2009,78.45
Apr-30-2009,78.6
Apr-29-2009,78.58
Apr-28-2009,78.85
Apr-27-2009,78.85
Apr-24-2009,78.7
Apr-23-2009,79.2
Apr-22-2009,78.35
Apr-21-2009,78.8
Apr-20-2009,79.4
Apr-17-2009,79.75
Apr-16-2009,79.9
Apr-15-2009,79.65
Apr-14-2009,79.75
Apr-13-2009,79.9
Apr-10-2009,80
Apr-09-2009,80
Apr-08-2009,79.9
Apr-07-2009,80.5
Apr-06-2009,80
Apr-03-2009,79.7
Apr-02-2009,79.7
Apr-01-2009,79.95
Mar-31-2009,80.1
Mar-30-2009,80.4
Mar-27-2009,79.95
Mar-26-2009,79.72
Mar-25-2009,79.65
Mar-24-2009,80.5
Mar-23-2009,80.35
Mar-20-2009,80.5
Mar-19-2009,80.65
Mar-18-2009,81.2
Mar-17-2009,80.25
Mar-16-2009,80.08
Mar-13-2009,80.07
Mar-12-2009,80
Mar-11-2009,80.1
Mar-10-2009,80.25
Mar-09-2009,80.2
Mar-06-2009,79.82
Mar-05-2009,80.09
Mar-04-2009,79.95
Mar-03-2009,80
Mar-02-2009,79.9
Feb-27-2009,79.65
Feb-26-2009,79.5
Feb-25-2009,79.7
Feb-24-2009,79.55
Feb-23-2009,79.7
Feb-20-2009,79.6
Feb-19-2009,79.3
Feb-18-2009,79.3
Feb-17-2009,79.52
Feb-13-2009,79.35
Feb-12-2009,79.6
Feb-11-2009,79
Feb-10-2009,79
Feb-09-2009,79.1
Feb-06-2009,79.35
Feb-05-2009,79.2
Feb-04-2009,79.3
Feb-03-2009,79.3
Feb-02-2009,79.5
Jan-30-2009,79.6
Jan-29-2009,79.42
Jan-28-2009,79.55
Jan-27-2009,79.8
Jan-26-2009,79.7
Jan-23-2009,79.65
Jan-22-2009,79.65
Jan-21-2009,80.18
Jan-20-2009,79.5
Jan-16-2009,78.8
Jan-15-2009,79.2
Jan-14-2009,78.7
Jan-13-2009,78.4
Jan-12-2009,77.85
Jan-09-2009,77.5
Jan-08-2009,77.4
Jan-07-2009,78.15
Jan-06-2009,78.7
Jan-05-2009,79.1
Jan-02-2009,78.5
Dec-31-2008,78.05
Dec-30-2008,77.5
Dec-24-2008,76.85
Dec-22-2008,76.85
Dec-19-2008,75.55
Dec-18-2008,76.35
Dec-17-2008,77
Dec-16-2008,77.35
Dec-15-2008,77.41
Dec-12-2008,77.9
Dec-11-2008,77.9
Dec-10-2008,78.1
Dec-09-2008,78.45
Dec-08-2008,78.85
Dec-05-2008,79.15
Dec-04-2008,79
Dec-03-2008,79.6
Dec-02-2008,79.8
Dec-01-2008,79.85
Nov-28-2008,79.2
Nov-26-2008,78.35
Nov-25-2008,78.7
Nov-24-2008,78.8
Nov-21-2008,78.65
Nov-20-2008,78.7
Nov-19-2008,78.3
Nov-18-2008,78.25
Nov-17-2008,77.9
Nov-14-2008,77.95
Nov-13-2008,79.9
Nov-12-2008,78.85
Nov-10-2008,76
Nov-07-2008,75.9
Nov-06-2008,76.2
Nov-05-2008,76.2
Nov-04-2008,77.05
Nov-03-2008,78.7
Oct-31-2008,79.25
Oct-30-2008,79.5
Oct-29-2008,80
Oct-28-2008,80.05
Oct-27-2008,80
Oct-24-2008,80.1
Oct-23-2008,80.1
Oct-22-2008,79.35
Oct-21-2008,78
Oct-20-2008,76.5
Oct-17-2008,76.6
Oct-16-2008,77.3
Oct-15-2008,75.55
Oct-14-2008,75.75
Oct-10-2008,74
Oct-08-2008,74.15
Oct-07-2008,73.75
Oct-06-2008,72.75
Oct-03-2008,72.8
Oct-02-2008,72.95
Oct-01-2008,73
Sep-30-2008,73.11
Sep-29-2008,73.1
Sep-26-2008,73.8
Sep-25-2008,73.9
Sep-24-2008,73.8
Sep-23-2008,73.1
Sep-22-2008,72.55
Sep-19-2008,71.8
Sep-18-2008,72.75
Sep-17-2008,72.85
Sep-16-2008,71.7
Sep-15-2008,70.9
Sep-12-2008,70.57
Sep-11-2008,70.8
Sep-10-2008,70.6
Sep-09-2008,70.5
Sep-08-2008,70.05
Sep-05-2008,69.9
Sep-04-2008,70.5
Sep-03-2008,70.35
Aug-27-2008,68.5
Aug-26-2008,69.2
Aug-25-2008,68.75
Aug-22-2008,68.5
Aug-21-2008,68.58
Aug-20-2008,68.7
Aug-19-2008,67.58
Aug-18-2008,67.5
Aug-15-2008,67.3
Aug-14-2008,67.45
Aug-13-2008,67.15
Aug-12-2008,67.15
Aug-11-2008,67.4
Aug-08-2008,67.1
Aug-07-2008,66.7
Aug-06-2008,66.3
Aug-05-2008,66.35
Aug-04-2008,66.7
Aug-01-2008,67.15
Jul-31-2008,67.3
Jul-30-2008,67.3
Jul-28-2008,67.45
Jul-25-2008,67.48
Jul-24-2008,67.2
Jul-23-2008,67.3
Jul-22-2008,67.55
Jul-21-2008,67.25
Jul-18-2008,66.15
Jul-17-2008,66.5
Jul-16-2008,67.15
Jul-14-2008,67.2
Jul-11-2008,66.75
Jul-10-2008,66.7
Jul-09-2008,66.25
Jul-08-2008,65.8
Jul-07-2008,65.1
Jul-03-2008,66
Jul-02-2008,65.35
Jul-01-2008,64.98
Jun-30-2008,64.9
Jun-27-2008,64.5
Jun-26-2008,64.25
Jun-25-2008,64.15
Jun-24-2008,64.2
Jun-23-2008,64.4
Jun-20-2008,64.37
Jun-19-2008,64.3
Jun-18-2008,64.15
Jun-17-2008,64.15
Jun-16-2008,63.8
Jun-13-2008,64.9
Jun-12-2008,64.2
Jun-11-2008,64
Jun-10-2008,63.5
Jun-09-2008,63.45
Jun-06-2008,63.1
Jun-05-2008,62.35
Jun-04-2008,61.6
Jun-03-2008,61.73
Jun-02-2008,61.98
May-30-2008,61.95
May-29-2008,61.92
May-28-2008,61.95
May-27-2008,61.9
May-23-2008,62.4
May-22-2008,61.75
May-21-2008,61.8
May-20-2008,62.1
May-19-2008,62.35
May-16-2008,62.25
May-15-2008,61.85
May-14-2008,62.05
May-13-2008,61.5
May-12-2008,61.45
May-09-2008,61.56
May-08-2008,61.6
May-07-2008,61.65
May-06-2008,61.58
May-05-2008,61.7
May-02-2008,61.8
May-01-2008,61.95
Apr-30-2008,61.9
Apr-29-2008,62.15
Apr-28-2008,62.2
Apr-25-2008,62.2
Apr-24-2008,62
Apr-23-2008,61.7
Apr-22-2008,61.45
Apr-21-2008,61.5
Apr-18-2008,61.55
Apr-17-2008,62.2
Apr-16-2008,61.55
Apr-15-2008,61.48
Apr-14-2008,61.6
Apr-11-2008,62.45
Apr-10-2008,62.3
Apr-09-2008,63.15
Apr-08-2008,64.5
Apr-07-2008,61.1
Apr-04-2008,61.7
Apr-03-2008,62.3
Apr-02-2008,62.75
Apr-01-2008,62.75
Mar-31-2008,62.5
Mar-28-2008,62.85
Mar-27-2008,63.5
Mar-26-2008,64.18
Mar-25-2008,63.2
Mar-24-2008,62.95
Mar-21-2008,62.95
Mar-20-2008,62.95
Mar-19-2008,63.5
Mar-18-2008,64
Mar-17-2008,64.3
Mar-14-2008,65.4
Mar-13-2008,65.65
Mar-12-2008,64.2
Mar-11-2008,66
Mar-10-2008,65.75
Mar-07-2008,65.75
Mar-06-2008,64.9
Mar-05-2008,64.85
Mar-04-2008,66.7
Mar-03-2008,67.65
Feb-29-2008,67.9
Feb-28-2008,68.8
Feb-27-2008,70
Feb-26-2008,70.5
Feb-25-2008,69.4
Feb-22-2008,69.5
Feb-21-2008,69.85
Feb-20-2008,69.5
Feb-19-2008,69.75
Feb-15-2008,70.2
Feb-14-2008,69.7
Feb-13-2008,69.9
Feb-12-2008,69.75
Feb-11-2008,70.55
Feb-08-2008,72.3
Feb-07-2008,72.2
Feb-06-2008,71.95
Feb-05-2008,70.75
Feb-04-2008,70.8
Feb-01-2008,70.25
Jan-31-2008,71.75
Jan-30-2008,71.15
Jan-29-2008,73.55
Jan-28-2008,72.2
Jan-25-2008,69.55
Jan-24-2008,70.7
Jan-23-2008,73.6
Jan-22-2008,70.65
Jan-18-2008,68.75
Jan-17-2008,67.95
Jan-16-2008,67.05
Jan-15-2008,67.55
Jan-14-2008,67.1
Jan-11-2008,66
Jan-10-2008,65.25
Jan-09-2008,65.5
Jan-08-2008,64.95
Jan-07-2008,65.65
Jan-04-2008,68.4
Jan-03-2008,68.2
Jan-02-2008,67.3
Dec-31-2007,63.7
Dec-28-2007,63.5
Dec-27-2007,63.5
Dec-26-2007,63.5
Dec-21-2007,62.7
Dec-20-2007,62.25
Dec-19-2007,62.6
Dec-18-2007,62.55
Dec-17-2007,62.7
Dec-14-2007,62.85
Dec-13-2007,62.95
Dec-12-2007,62.9
Dec-11-2007,62.9
Dec-10-2007,63.8
Dec-07-2007,64.25
Dec-06-2007,64.1
Dec-05-2007,64.05
Dec-04-2007,63.95
Dec-03-2007,62.4
Nov-30-2007,64.25
Nov-29-2007,64.5
Nov-28-2007,63.45
Nov-27-2007,61.18
Nov-26-2007,62.2
Nov-23-2007,64.15
Nov-21-2007,64.65
Nov-20-2007,64.85
Nov-19-2007,65.3
Nov-16-2007,65.6
Nov-15-2007,66.35
Nov-14-2007,66.45
Nov-13-2007,66.55
Nov-09-2007,66.45
Nov-08-2007,66.52
Nov-07-2007,66.65
Nov-06-2007,66.65
Nov-05-2007,66.42
Nov-02-2007,66.5
Nov-01-2007,66.65
Oct-31-2007,66.85
Oct-30-2007,66.95
Oct-29-2007,66.95
Oct-26-2007,67.05
Oct-25-2007,66.9
Oct-24-2007,67
Oct-23-2007,66.8
Oct-22-2007,67
Oct-19-2007,66.8
Oct-18-2007,66.55
Oct-17-2007,66.75
Oct-16-2007,66.5
Oct-15-2007,66.4
Oct-12-2007,66.42
Oct-11-2007,66.6
Oct-10-2007,66.55
Oct-09-2007,66.55
Oct-05-2007,66.68
Oct-04-2007,66.68
Oct-03-2007,66.7
Oct-02-2007,66.7
Oct-01-2007,66.9
Sep-28-2007,66.98
Sep-27-2007,66.85
Sep-26-2007,67.05
Sep-25-2007,67.05
Sep-24-2007,67.05
Sep-21-2007,67.05
Sep-20-2007,66.95
Sep-19-2007,67.03
Sep-18-2007,67.05
Sep-17-2007,67.05
Sep-14-2007,66.9
Sep-13-2007,66.75
Sep-12-2007,66.75
Sep-11-2007,67.05
Sep-10-2007,67.05
Sep-07-2007,66.95
Sep-06-2007,66.95
Sep-05-2007,67.1
Sep-04-2007,66.7
Aug-31-2007,66.8
Aug-30-2007,66.95
Aug-29-2007,67.1
Aug-28-2007,67.05
Aug-27-2007,67.05
Aug-24-2007,67.04
Aug-23-2007,67.1
Aug-22-2007,66.95
Aug-20-2007,66.85
Aug-17-2007,68
Aug-16-2007,67.75
Aug-15-2007,66.7
Aug-14-2007,66.55
Aug-13-2007,66.5
Aug-10-2007,66.5
Aug-09-2007,66.4
Aug-08-2007,66.35
Aug-07-2007,66.4
Aug-06-2007,66.4
Aug-03-2007,66.19
Aug-02-2007,66.45
Aug-01-2007,67.1
Jul-31-2007,67.25
Jul-30-2007,67.4
Jul-27-2007,67.55
Jul-26-2007,67.85
Jul-25-2007,67.95
Jul-24-2007,67.7
Jul-23-2007,67
Jul-20-2007,67
Jul-19-2007,67
Jul-18-2007,67.05
Jul-17-2007,67
Jul-16-2007,66.8
Jul-13-2007,66.75
Jul-12-2007,66.75
Jul-11-2007,66.65
Jul-10-2007,66.77
Jul-09-2007,66.7
Jul-06-2007,66.7
Jul-05-2007,66.75
Jul-03-2007,66.48
Jul-02-2007,66.65
Jun-29-2007,66.7
Jun-28-2007,66.2
Jun-27-2007,66.1
Jun-26-2007,66.15
Jun-25-2007,66.25
Jun-22-2007,66.58
Jun-21-2007,66.55
Jun-20-2007,66.35
Jun-19-2007,66.35
Jun-18-2007,66.7
Jun-15-2007,66.3
Jun-14-2007,66.35
Jun-13-2007,66.5
Jun-12-2007,66.6
Jun-11-2007,67.2
Jun-08-2007,66.4
Jun-07-2007,66.35
Jun-06-2007,66.55
Jun-05-2007,66.75
Jun-04-2007,66.85
Jun-01-2007,66.8
May-31-2007,66.85
May-30-2007,66.95
May-29-2007,66.9
May-25-2007,66.7
May-24-2007,66.73
May-23-2007,66.85
May-22-2007,66.75
May-21-2007,66.7
May-18-2007,66.75
May-17-2007,66.97
May-16-2007,67
May-15-2007,67.3
May-14-2007,67
May-11-2007,67.1
May-10-2007,67.2
May-09-2007,67.16
May-08-2007,67.3
May-07-2007,67.2
May-04-2007,67.85
May-03-2007,67.5
May-02-2007,67.65
May-01-2007,67.95
Apr-30-2007,67.95
Apr-27-2007,68.2
Apr-26-2007,68.25
Apr-25-2007,68.26
Apr-24-2007,68.3
Apr-23-2007,68.3
Apr-20-2007,68.3
Apr-19-2007,68.44
Apr-18-2007,68.5
Apr-17-2007,68.5
Apr-16-2007,68.45
Apr-13-2007,68.68
Apr-12-2007,68.4
Apr-11-2007,68.5
Apr-10-2007,68.55
Apr-09-2007,69.05
Apr-06-2007,69.05
Apr-05-2007,69.05
Apr-03-2007,68.35
Apr-02-2007,68.6
Mar-30-2007,68.69
Mar-29-2007,68.7
Mar-28-2007,68.65
Mar-26-2007,68.9
Mar-23-2007,68.78
Mar-22-2007,68.95
Mar-21-2007,69.23
Mar-20-2007,69.2
Mar-19-2007,69.4
Mar-16-2007,69.37
Mar-15-2007,69.4
Mar-14-2007,69.5
Mar-13-2007,69.5
Mar-12-2007,69.3
Mar-09-2007,69.42
Mar-08-2007,69.6
Mar-07-2007,69.5
Mar-06-2007,69.45
Mar-05-2007,69.4
Mar-02-2007,68.88
Mar-01-2007,69
Feb-28-2007,69.4
Feb-27-2007,70.1
Feb-26-2007,70.1
Feb-23-2007,70
Feb-22-2007,69.5
Feb-21-2007,69.25
Feb-20-2007,69.3
Feb-16-2007,69
Feb-15-2007,69.03
Feb-14-2007,68.95
Feb-13-2007,68.7
Feb-12-2007,69
Feb-09-2007,69.3
Feb-08-2007,69.7
Feb-07-2007,69.6
Feb-06-2007,69.91
Feb-05-2007,70
Feb-02-2007,70.05
Feb-01-2007,70.25
Jan-31-2007,70.3
Jan-30-2007,70.45
Jan-29-2007,70.45
Jan-26-2007,70.55
Jan-25-2007,70.45
Jan-24-2007,70.25
Jan-23-2007,70.04
Jan-22-2007,69.9
Jan-19-2007,69.8
Jan-18-2007,69.9
Jan-17-2007,69.95
Jan-16-2007,70
Jan-12-2007,69.5
Jan-11-2007,69.52
Jan-10-2007,69.5
Jan-09-2007,69.45
Jan-08-2007,69.5
Jan-05-2007,69.46
Jan-04-2007,69.45
Jan-03-2007,69.1
Dec-29-2006,69.45
Dec-28-2006,69.35
Dec-27-2006,69.25
Dec-26-2006,69.05
Dec-22-2006,69.2
Dec-21-2006,69.2
Dec-20-2006,69.58
Dec-19-2006,69.58
Dec-18-2006,69.6
Dec-15-2006,69.55
Dec-14-2006,69.68
Dec-13-2006,69.6
Dec-12-2006,69.3
Dec-11-2006,69.5
Dec-08-2006,69.5
Dec-07-2006,69.6
Dec-06-2006,69.65
Dec-05-2006,69.7
Dec-04-2006,69.65
Dec-01-2006,69.95
Nov-30-2006,69.95
Nov-29-2006,69.75
Nov-28-2006,70.08
Nov-27-2006,70.05
Nov-24-2006,71
Nov-22-2006,70.95
Nov-21-2006,70.95
Nov-20-2006,70.9
Nov-17-2006,70.9
Nov-16-2006,70.9
Nov-15-2006,70.95
Nov-14-2006,70.9
Nov-13-2006,70.8
Nov-09-2006,71
Nov-08-2006,71.35
Nov-07-2006,71.7
Nov-06-2006,71.75
Nov-03-2006,71.75
Nov-02-2006,71.75
Nov-01-2006,71.85
Oct-31-2006,71.75
Oct-30-2006,72
Oct-27-2006,71.9
Oct-26-2006,71.9
Oct-25-2006,71.78
Oct-24-2006,71.9
Oct-23-2006,72
Oct-20-2006,72
Oct-19-2006,72.1
Oct-18-2006,71.9
Oct-17-2006,71.9
Oct-16-2006,72.05
Oct-13-2006,72.25
Oct-12-2006,72.4
Oct-11-2006,72.35
Oct-10-2006,72.3
Oct-06-2006,72.4
Oct-03-2006,72.52
Oct-02-2006,72.5
Sep-29-2006,72.55
Sep-28-2006,72.6
Sep-27-2006,72.55
Sep-26-2006,72.5
Sep-25-2006,72.65
Sep-22-2006,72.75
Sep-21-2006,72.7
Sep-20-2006,72.7
Sep-19-2006,72.7
Sep-18-2006,73.15
Sep-15-2006,73.1
Sep-14-2006,73.25
Sep-13-2006,73.25
Sep-12-2006,73.1
Sep-11-2006,72.7
Sep-08-2006,72.72
Sep-07-2006,72.6
Sep-06-2006,72.55
Sep-05-2006,72.6
Sep-01-2006,72.45
Aug-31-2006,72.46
Aug-30-2006,72.52
Aug-28-2006,72.75
Aug-25-2006,72.77
Aug-24-2006,72.65
Aug-23-2006,72.6
Aug-22-2006,72.7
Aug-21-2006,72.7
Aug-18-2006,72.6
Aug-17-2006,72.6
Aug-16-2006,72.8
Aug-15-2006,72.6
Aug-14-2006,72.75
Aug-11-2006,72.9
Aug-10-2006,72.95
Aug-09-2006,72.9
Aug-08-2006,72.8
Aug-07-2006,72.65
Aug-04-2006,72.6
Aug-03-2006,72.75
Aug-02-2006,72.95
Aug-01-2006,73.05
Jul-31-2006,73.46
Jul-28-2006,73.43
Jul-27-2006,73.5
Jul-26-2006,73.5
Jul-25-2006,73.95
Jul-24-2006,74.1
Jul-21-2006,74
Jul-20-2006,73.75
Jul-19-2006,73.6
Jul-18-2006,73.55
Jul-17-2006,73.6
Jul-14-2006,73.5
Jul-13-2006,73.4
Jul-12-2006,73.05
Jul-11-2006,73.43
Jul-10-2006,73.65
Jul-07-2006,73.62
Jul-06-2006,73.25
Jul-05-2006,72.85
Jul-03-2006,73.5
Jun-30-2006,73.75
Jun-29-2006,73.85
Jun-28-2006,73.7
Jun-27-2006,74.13
Jun-26-2006,74.35
Jun-23-2006,74.32
Jun-22-2006,74.55
Jun-21-2006,73.75
Jun-20-2006,73.6
Jun-19-2006,73.6
Jun-16-2006,73.55
Jun-15-2006,73.55
Jun-14-2006,73.35
Jun-13-2006,74.05
Jun-12-2006,73.3
Jun-09-2006,72.68
Jun-08-2006,72.45
Jun-07-2006,72.6
Jun-06-2006,72.3
Jun-05-2006,72.24
Jun-02-2006,72.15
Jun-01-2006,72.12
May-31-2006,72.05
May-30-2006,72.1
May-26-2006,72.5
May-25-2006,72.05
May-24-2006,72.05
May-23-2006,72.5
May-22-2006,72.48
May-19-2006,72.35
May-18-2006,72.35
May-17-2006,72.15
May-16-2006,72.05
May-15-2006,71.7
May-11-2006,71.25
May-09-2006,70.85
May-08-2006,70.95
May-05-2006,70.9
May-04-2006,70.85
May-03-2006,70.67
May-02-2006,71
May-01-2006,70.9
Apr-28-2006,71
Apr-27-2006,71.05
Apr-26-2006,71.08
Apr-25-2006,71.25
Apr-24-2006,71.3
Apr-21-2006,71.2
Apr-20-2006,71.25
Apr-19-2006,71.09
Apr-18-2006,71.05
Apr-17-2006,71.05
Apr-14-2006,71.12
Apr-13-2006,71.1
Apr-12-2006,71.32
Apr-10-2006,71.3
Apr-07-2006,70.95
Apr-05-2006,71
Apr-04-2006,71.6
Apr-03-2006,71.6
Mar-31-2006,71.55
Mar-30-2006,71.8
Mar-29-2006,72.1
Mar-28-2006,72.15
Mar-27-2006,72.35
Mar-24-2006,72.35
Mar-23-2006,72.3
Mar-22-2006,72.3
Mar-21-2006,72.3
Mar-20-2006,72.3
Mar-17-2006,72.27
Mar-14-2006,72.3
Mar-13-2006,72.45
Mar-10-2006,72.4
Mar-09-2006,72.25
Mar-08-2006,71.8
Mar-07-2006,71.78
Mar-06-2006,71.95
Mar-03-2006,71.98
Mar-02-2006,72.25
Mar-01-2006,72.2
Feb-28-2006,72.6
Feb-27-2006,73.15
Feb-24-2006,73
Feb-23-2006,72.6
Feb-22-2006,72.25
Feb-21-2006,71.97
Feb-17-2006,71.25
Feb-16-2006,71.8
Feb-15-2006,71.7
Feb-14-2006,71.55
Feb-13-2006,71.35
Feb-10-2006,71.2
Feb-09-2006,71.4
Feb-08-2006,71.5
Feb-07-2006,70.95
Feb-06-2006,71
Feb-03-2006,71.2
Feb-02-2006,71.35
Feb-01-2006,71.45
Jan-31-2006,71.45
Jan-30-2006,71.8
Jan-27-2006,71.9
Jan-26-2006,71.7
Jan-25-2006,71.5
Jan-24-2006,71.35
Jan-23-2006,71.92
Jan-20-2006,72
Jan-19-2006,71.85
Jan-18-2006,71.65
Jan-17-2006,71.6
Jan-13-2006,72.12
Jan-12-2006,72
Jan-11-2006,72.15
Jan-10-2006,72.12
Jan-09-2006,72
Jan-06-2006,72.8
Jan-05-2006,72.5
Jan-04-2006,72.8
Jan-03-2006,72
Dec-30-2005,72.35
Dec-28-2005,71.95
Dec-27-2005,72.45
Dec-23-2005,72.35
Dec-22-2005,72.65
Dec-20-2005,72.41
Dec-19-2005,72.55
Dec-16-2005,72.8
Dec-15-2005,72.96
Dec-14-2005,72.9
Dec-13-2005,73.55
Dec-09-2005,73.65
Dec-08-2005,73.5
Dec-07-2005,73.2
Dec-05-2005,73.5
Dec-02-2005,73.65
Dec-01-2005,73.2
Nov-30-2005,73.7
Nov-29-2005,74.1
Nov-28-2005,74.6
Nov-25-2005,74.95
Nov-23-2005,74.75
Nov-22-2005,74.2
Nov-21-2005,74.15
Nov-18-2005,74.6
Nov-17-2005,75.05
Nov-16-2005,74.55
Nov-15-2005,74.6
Nov-14-2005,75.6
Nov-10-2005,75.15
Nov-09-2005,74.6
Nov-08-2005,74.52
Nov-07-2005,74
Nov-04-2005,73.1
Nov-03-2005,73.45
Nov-02-2005,73.7
Nov-01-2005,73.55
Oct-31-2005,73.7
Oct-28-2005,73.54
Oct-27-2005,73.5
Oct-26-2005,73.35
Oct-25-2005,73.5
Oct-24-2005,73.5
Oct-21-2005,73.6
Oct-20-2005,73.35
Oct-19-2005,73.45
Oct-18-2005,73.9
Oct-17-2005,73.95
Oct-14-2005,74
Oct-13-2005,73.95
Oct-12-2005,73.75
Oct-11-2005,73.4
Oct-07-2005,73.15
Oct-06-2005,73.35
Oct-05-2005,73.25
Oct-04-2005,73.4
Oct-03-2005,73.6
Sep-30-2005,74.25
Sep-29-2005,73.9
Sep-28-2005,73
Sep-27-2005,73.2
Sep-26-2005,73.15
Sep-23-2005,72.75
Sep-22-2005,72.85
Sep-21-2005,73.2
Sep-20-2005,73.4
Sep-19-2005,72.5
Sep-16-2005,73.52
Sep-15-2005,73.85
Sep-14-2005,74
Sep-13-2005,74.45
Sep-12-2005,74.5
Sep-09-2005,74.35
Sep-08-2005,74.35
Sep-07-2005,74.6
Sep-06-2005,74.7
Sep-02-2005,74.8
Sep-01-2005,75.55
Aug-31-2005,75.67
Aug-30-2005,75.6
Aug-29-2005,75.55
Aug-26-2005,75.6
Aug-25-2005,75.6
Aug-24-2005,75.6
Aug-23-2005,75.6
Aug-22-2005,75.65
Aug-19-2005,75.6
Aug-18-2005,75.6
Aug-17-2005,75.65
Aug-16-2005,75.75
Aug-15-2005,75.7
Aug-12-2005,75.85
Aug-11-2005,75.65
Aug-10-2005,75.5
Aug-09-2005,75.45
Aug-08-2005,75.65
Aug-05-2005,75.6
Aug-04-2005,75.9
Aug-03-2005,75.9
Aug-02-2005,75.9
Aug-01-2005,76.05
Jul-29-2005,75.95
Jul-28-2005,75.9
Jul-27-2005,75.5
Jul-26-2005,76.04
Jul-25-2005,76.05
Jul-22-2005,76.12
Jul-21-2005,76.2
Jul-20-2005,76.2
Jul-19-2005,76.2
Jul-18-2005,76.2
Jul-15-2005,76.25
Jul-14-2005,76
Jul-13-2005,76.2
Jul-12-2005,76.15
Jul-11-2005,76.2
Jul-08-2005,76.15
Jul-07-2005,76.15
Jul-06-2005,76.15
Jul-05-2005,76.3
Jul-01-2005,76.2
Jun-30-2005,76.1
Jun-29-2005,76.1
Jun-28-2005,75.95
Jun-27-2005,76.35
Jun-24-2005,76.4
Jun-23-2005,76.35
Jun-22-2005,76.4
Jun-21-2005,76.45
Jun-20-2005,76.5
Jun-17-2005,76.7
Jun-16-2005,76.8
Jun-15-2005,76.8
Jun-14-2005,76.65
Jun-13-2005,76.6
Jun-10-2005,76.55
Jun-09-2005,76.6
Jun-08-2005,76.75
Jun-07-2005,76.8
Jun-06-2005,76.9
Jun-03-2005,76.7
Jun-02-2005,76.75
Jun-01-2005,76.95
May-31-2005,76.9
May-27-2005,76.6
May-26-2005,76.4
May-25-2005,76.5
May-24-2005,76.4
May-23-2005,76.3
May-20-2005,76.25
May-19-2005,76.25
May-18-2005,76.2
May-17-2005,76.25
May-16-2005,76.15
May-13-2005,76.35
May-12-2005,76.1
May-11-2005,75.5
May-10-2005,75.4
May-09-2005,75.55
May-06-2005,76.2
May-05-2005,76.2
May-04-2005,76.2
May-03-2005,76.35
May-02-2005,76.25
Apr-29-2005,76.45
Apr-28-2005,76.45
Apr-27-2005,76.5
Apr-26-2005,76.5
Apr-25-2005,76.6
Apr-22-2005,76.45
Apr-21-2005,76.6
Apr-20-2005,76.2
Apr-19-2005,76.1
Apr-18-2005,75.9
Apr-15-2005,76
Apr-14-2005,76
Apr-13-2005,75.8
Apr-12-2005,76.05
Apr-11-2005,75.95
Apr-08-2005,76
Apr-07-2005,75.7
Apr-06-2005,76
Apr-05-2005,76.2
Apr-04-2005,75.4
Apr-01-2005,74.6
Mar-31-2005,74.5
Mar-30-2005,74.9
Mar-29-2005,74.5
Mar-28-2005,73.2
Mar-25-2005,73.2
Mar-24-2005,73.2
Mar-23-2005,73.6
Mar-22-2005,73.4
Mar-21-2005,73.35
Mar-18-2005,74.25
Mar-17-2005,74.45
Mar-16-2005,74.65
Mar-15-2005,74.4
Mar-14-2005,74.5
Mar-11-2005,74.5
Mar-10-2005,74.6
Mar-09-2005,74.65
Mar-08-2005,74.6
Mar-07-2005,75.5
Mar-04-2005,75.55
Mar-03-2005,75.55
Mar-02-2005,76.15
Mar-01-2005,76.3
Feb-28-2005,75.9
Feb-25-2005,75.6
Feb-24-2005,75.81
Feb-23-2005,76.5
Feb-22-2005,76.75
Feb-18-2005,76.3
Feb-17-2005,76.6
Feb-16-2005,76.35
Feb-15-2005,76.5
Feb-14-2005,77
Feb-11-2005,77
Feb-10-2005,77.6
Feb-09-2005,77.9
Feb-08-2005,77.77
Feb-07-2005,77.05
Feb-04-2005,76.95
Feb-03-2005,77.1
Feb-02-2005,77.05
Feb-01-2005,77.1
Jan-31-2005,77.1
Jan-28-2005,76.75
Jan-27-2005,76.6
Jan-26-2005,77.1
Jan-25-2005,77.1
Jan-24-2005,77.35
Jan-21-2005,77.3
Jan-20-2005,77.55
Jan-19-2005,77.88
Jan-18-2005,77.95
Jan-14-2005,77.65
Jan-13-2005,77.7
Jan-12-2005,78
Jan-11-2005,78.05
Jan-10-2005,77.95
Jan-07-2005,78.45
Jan-06-2005,78.55
Jan-05-2005,78.5
Jan-04-2005,78.55
Jan-03-2005,78.4
Dec-30-2004,77.35
Dec-29-2004,76.45
Dec-28-2004,76.45
Dec-27-2004,78
Dec-23-2004,78.5
Dec-22-2004,78.85
Dec-21-2004,79
Dec-20-2004,79.4
Dec-17-2004,79.5
Dec-16-2004,79.95
Dec-15-2004,79.8
Dec-14-2004,80.25
Dec-13-2004,81.05
Dec-10-2004,81.05
Dec-09-2004,81.05
Dec-08-2004,81.15
Dec-07-2004,81.2
Dec-06-2004,81.22
Dec-03-2004,81.1
Dec-02-2004,81.15
Dec-01-2004,81.12
Nov-30-2004,81.15
Nov-29-2004,81.15
Nov-26-2004,81.15
Nov-24-2004,81.2
Nov-23-2004,81.1
Nov-22-2004,81.2
Nov-19-2004,81.25
Nov-18-2004,81.2
Nov-17-2004,81.15
Nov-16-2004,81.1
Nov-15-2004,80.85
Nov-12-2004,81.05
Nov-10-2004,81
Nov-09-2004,81.05
Nov-08-2004,81.05
Nov-05-2004,80.7
Nov-04-2004,80.9
Nov-03-2004,81.05
Nov-02-2004,81.1